Operation,Memory(KB),PolyModulusDegree,Scalar1,Scalar2,EncryptionTime(ms),OperationTime(ms),DecryptionTime(ms)
Cipher+Cipher,68608,1024,1,1,0.398453,0.010124,0.120188
Cipher*Cipher,68608,1024,1,1,0.398453,0.748104,0.081322
Cipher+Plain,68608,1024,1,1,0.398453,0.016352,0.056835
Cipher*Plain,68608,1024,1,1,0.398453,0.05779,0.051718
Plain+Cipher,68608,1024,1,1,0.398453,0.01608,0.051953
Plain*Cipher,68608,1024,1,1,0.398453,0.075274,0.052013
Cipher+Cipher,68608,1024,1,7,0.38662,0.002021,0.052241
Cipher*Cipher,68608,1024,1,7,0.38662,0.523224,0.065361
Cipher+Plain,68608,1024,1,7,0.38662,0.015874,0.051595
Cipher*Plain,68608,1024,1,7,0.38662,0.056738,0.051499
Plain+Cipher,68608,1024,1,7,0.38662,0.015728,0.051708
Plain*Cipher,68608,1024,1,7,0.38662,0.056543,0.051393
Cipher+Cipher,68608,1024,1,42,0.380179,0.001914,0.052013
Cipher*Cipher,68608,1024,1,42,0.380179,0.517329,0.065326
Cipher+Plain,68608,1024,1,42,0.380179,0.015781,0.051662
Cipher*Plain,68608,1024,1,42,0.380179,0.056656,0.051554
Plain+Cipher,68608,1024,1,42,0.380179,0.015679,0.05549
Plain*Cipher,68608,1024,1,42,0.380179,0.056668,0.051395
Cipher+Cipher,68608,1024,1,12345,0.375371,0.001795,0.05222
Cipher*Cipher,68608,1024,1,12345,0.375371,0.521227,0.065571
Cipher+Plain,68608,1024,1,12345,0.375371,0.015932,0.05173
Cipher*Plain,68608,1024,1,12345,0.375371,0.056715,0.051524
Plain+Cipher,68608,1024,1,12345,0.375371,0.015741,0.051833
Plain*Cipher,68608,1024,1,12345,0.375371,0.056414,0.051477
Cipher+Cipher,68608,1024,1,65536,0.375117,0.00177,0.055592
Cipher*Cipher,68608,1024,1,65536,0.375117,0.707614,0.095712
Cipher+Plain,68608,1024,1,65536,0.375117,0.023425,0.082257
Cipher*Plain,68608,1024,1,65536,0.375117,0.05988,0.058771
Plain+Cipher,68608,1024,1,65536,0.375117,0.015915,0.051814
Plain*Cipher,68608,1024,1,65536,0.375117,0.056479,0.05165
Cipher+Cipher,68608,1024,7,1,0.378861,0.001887,0.052145
Cipher*Cipher,68608,1024,7,1,0.378861,0.523309,0.065433
Cipher+Plain,68608,1024,7,1,0.378861,0.015934,0.051687
Cipher*Plain,68608,1024,7,1,0.378861,0.056582,0.051661
Plain+Cipher,68608,1024,7,1,0.378861,0.015723,0.051665
Plain*Cipher,68608,1024,7,1,0.378861,0.056407,0.051629
Cipher+Cipher,68608,1024,7,7,0.380703,0.001895,0.052062
Cipher*Cipher,68608,1024,7,7,0.380703,0.517492,0.065549
Cipher+Plain,68608,1024,7,7,0.380703,0.015885,0.0517
Cipher*Plain,68608,1024,7,7,0.380703,0.056556,0.051396
Plain+Cipher,68608,1024,7,7,0.380703,0.015654,0.051911
Plain*Cipher,68608,1024,7,7,0.380703,0.056001,0.056459
Cipher+Cipher,68608,1024,7,42,0.373942,0.001831,0.051784
Cipher*Cipher,68608,1024,7,42,0.373942,0.52036,0.065194
Cipher+Plain,68608,1024,7,42,0.373942,0.015828,0.051751
Cipher*Plain,68608,1024,7,42,0.373942,0.056684,0.051458
Plain+Cipher,68608,1024,7,42,0.373942,0.015726,0.05169
Plain*Cipher,68608,1024,7,42,0.373942,0.056382,0.051432
Cipher+Cipher,68608,1024,7,12345,0.373605,0.001775,0.051965
Cipher*Cipher,68608,1024,7,12345,0.373605,0.521621,0.065376
Cipher+Plain,68608,1024,7,12345,0.373605,0.015878,0.051622
Cipher*Plain,68608,1024,7,12345,0.373605,0.056478,0.051606
Plain+Cipher,68608,1024,7,12345,0.373605,0.015723,0.051673
Plain*Cipher,68608,1024,7,12345,0.373605,0.056278,0.051517
Cipher+Cipher,68608,1024,7,65536,0.37794,0.001784,0.051793
Cipher*Cipher,68608,1024,7,65536,0.37794,0.517248,0.065246
Cipher+Plain,68608,1024,7,65536,0.37794,0.015882,0.05169
Cipher*Plain,68608,1024,7,65536,0.37794,0.060898,0.051669
Plain+Cipher,68608,1024,7,65536,0.37794,0.015788,0.051857
Plain*Cipher,68608,1024,7,65536,0.37794,0.056563,0.051599
Cipher+Cipher,68608,1024,42,1,0.373584,0.001755,0.051972
Cipher*Cipher,68608,1024,42,1,0.373584,0.52215,0.065242
Cipher+Plain,68608,1024,42,1,0.373584,0.015866,0.051684
Cipher*Plain,68608,1024,42,1,0.373584,0.056592,0.051465
Plain+Cipher,68608,1024,42,1,0.373584,0.015672,0.051687
Plain*Cipher,68608,1024,42,1,0.373584,0.056436,0.051638
Cipher+Cipher,68608,1024,42,7,0.380566,0.00168,0.046841
Cipher*Cipher,68608,1024,42,7,0.380566,0.467591,0.059068
Cipher+Plain,68608,1024,42,7,0.380566,0.014349,0.04677
Cipher*Plain,68608,1024,42,7,0.380566,0.051201,0.046646
Plain+Cipher,68608,1024,42,7,0.380566,0.01428,0.046739
Plain*Cipher,68608,1024,42,7,0.380566,0.050996,0.046685
Cipher+Cipher,68608,1024,42,42,0.340633,0.001655,0.047139
Cipher*Cipher,68608,1024,42,42,0.340633,0.467636,0.058932
Cipher+Plain,68608,1024,42,42,0.340633,0.014293,0.046744
Cipher*Plain,68608,1024,42,42,0.340633,0.054069,0.046704
Plain+Cipher,68608,1024,42,42,0.340633,0.014308,0.046845
Plain*Cipher,68608,1024,42,42,0.340633,0.050938,0.046525
Cipher+Cipher,68608,1024,42,12345,0.33867,0.001623,0.047022
Cipher*Cipher,68608,1024,42,12345,0.33867,0.470964,0.059163
Cipher+Plain,68608,1024,42,12345,0.33867,0.014344,0.046947
Cipher*Plain,68608,1024,42,12345,0.33867,0.051149,0.046431
Plain+Cipher,68608,1024,42,12345,0.33867,0.014283,0.046627
Plain*Cipher,68608,1024,42,12345,0.33867,0.050938,0.046467
Cipher+Cipher,68608,1024,42,65536,0.338369,0.001611,0.047228
Cipher*Cipher,68608,1024,42,65536,0.338369,0.471402,0.059006
Cipher+Plain,68608,1024,42,65536,0.338369,0.014322,0.046999
Cipher*Plain,68608,1024,42,65536,0.338369,0.051247,0.046539
Plain+Cipher,68608,1024,42,65536,0.338369,0.014161,0.046807
Plain*Cipher,68608,1024,42,65536,0.338369,0.050934,0.046373
Cipher+Cipher,68608,1024,12345,1,0.341763,0.001647,0.047002
Cipher*Cipher,68608,1024,12345,1,0.341763,0.467963,0.059077
Cipher+Plain,68608,1024,12345,1,0.341763,0.014298,0.046764
Cipher*Plain,68608,1024,12345,1,0.341763,0.051177,0.046713
Plain+Cipher,68608,1024,12345,1,0.341763,0.01423,0.046817
Plain*Cipher,68608,1024,12345,1,0.341763,0.051008,0.049688
Cipher+Cipher,68608,1024,12345,7,0.338588,0.001592,0.04688
Cipher*Cipher,68608,1024,12345,7,0.338588,0.467931,0.089881
Cipher+Plain,68608,1024,12345,7,0.338588,0.014217,0.046725
Cipher*Plain,68608,1024,12345,7,0.338588,0.051158,0.046649
Plain+Cipher,68608,1024,12345,7,0.338588,0.014206,0.046987
Plain*Cipher,68608,1024,12345,7,0.338588,0.050938,0.046778
Cipher+Cipher,68608,1024,12345,42,0.337996,0.00159,0.047109
Cipher*Cipher,68608,1024,12345,42,0.337996,0.470619,0.059219
Cipher+Plain,68608,1024,12345,42,0.337996,0.014273,0.046777
Cipher*Plain,68608,1024,12345,42,0.337996,0.051357,0.046768
Plain+Cipher,68608,1024,12345,42,0.337996,0.014149,0.04675
Plain*Cipher,68608,1024,12345,42,0.337996,0.050827,0.046771
Cipher+Cipher,68608,1024,12345,12345,0.338527,0.00157,0.049868
Cipher*Cipher,68608,1024,12345,12345,0.338527,0.46784,0.05911
Cipher+Plain,68608,1024,12345,12345,0.338527,0.014241,0.046756
Cipher*Plain,68608,1024,12345,12345,0.338527,0.051094,0.046633
Plain+Cipher,68608,1024,12345,12345,0.338527,0.01419,0.046587
Plain*Cipher,68608,1024,12345,12345,0.338527,0.050643,0.046645
Cipher+Cipher,68608,1024,12345,65536,0.341068,0.001643,0.046928
Cipher*Cipher,68608,1024,12345,65536,0.341068,0.467601,0.059125
Cipher+Plain,68608,1024,12345,65536,0.341068,0.014215,0.046979
Cipher*Plain,68608,1024,12345,65536,0.341068,0.05118,0.046601
Plain+Cipher,68608,1024,12345,65536,0.341068,0.014161,0.049537
Plain*Cipher,68608,1024,12345,65536,0.341068,0.050926,0.046698
Cipher+Cipher,68608,1024,65536,1,0.338496,0.00159,0.04698
Cipher*Cipher,68608,1024,65536,1,0.338496,0.471091,0.059105
Cipher+Plain,68608,1024,65536,1,0.338496,0.014253,0.046771
Cipher*Plain,68608,1024,65536,1,0.338496,0.05132,0.046505
Plain+Cipher,68608,1024,65536,1,0.338496,0.014158,0.046832
Plain*Cipher,68608,1024,65536,1,0.338496,0.051043,0.046575
Cipher+Cipher,68608,1024,65536,7,0.33811,0.001625,0.047028
Cipher*Cipher,68608,1024,65536,7,0.33811,0.470669,0.058969
Cipher+Plain,68608,1024,65536,7,0.33811,0.014243,0.046762
Cipher*Plain,68608,1024,65536,7,0.33811,0.051171,0.04678
Plain+Cipher,68608,1024,65536,7,0.33811,0.014128,0.046697
Plain*Cipher,68608,1024,65536,7,0.33811,0.050991,0.046653
Cipher+Cipher,68608,1024,65536,42,0.344475,0.001651,0.047216
Cipher*Cipher,68608,1024,65536,42,0.344475,0.46757,0.058794
Cipher+Plain,68608,1024,65536,42,0.344475,0.014296,0.046693
Cipher*Plain,68608,1024,65536,42,0.344475,0.050885,0.046716
Plain+Cipher,68608,1024,65536,42,0.344475,0.014131,0.046725
Plain*Cipher,68608,1024,65536,42,0.344475,0.050992,0.046728
Cipher+Cipher,68608,1024,65536,12345,0.34136,0.001604,0.047015
Cipher*Cipher,68608,1024,65536,12345,0.34136,0.497083,0.05937
Cipher+Plain,68608,1024,65536,12345,0.34136,0.014468,0.050799
Cipher*Plain,68608,1024,65536,12345,0.34136,0.051456,0.046661
Plain+Cipher,68608,1024,65536,12345,0.34136,0.014319,0.046548
Plain*Cipher,68608,1024,65536,12345,0.34136,0.051071,0.0467
Cipher+Cipher,68608,1024,65536,65536,0.338628,0.001625,0.047077
Cipher*Cipher,68608,1024,65536,65536,0.338628,0.471356,0.059216
Cipher+Plain,68608,1024,65536,65536,0.338628,0.014397,0.046869
Cipher*Plain,68608,1024,65536,65536,0.338628,0.051205,0.046699
Plain+Cipher,68608,1024,65536,65536,0.338628,0.014265,0.046802
Plain*Cipher,68608,1024,65536,65536,0.338628,0.050715,0.046688
Cipher+Cipher,68608,2048,1,1,0.697454,0.018099,0.149085
Cipher*Cipher,68608,2048,1,1,0.697454,1.17991,0.148126
Cipher+Plain,68608,2048,1,1,0.697454,0.029122,0.095457
Cipher*Plain,68608,2048,1,1,0.697454,0.110346,0.095172
Plain+Cipher,68608,2048,1,1,0.697454,0.028607,0.095152
Plain*Cipher,68608,2048,1,1,0.697454,0.120413,0.094908
Cipher+Cipher,68608,2048,1,7,0.670629,0.003363,0.095853
Cipher*Cipher,68608,2048,1,7,0.670629,1.01267,0.120882
Cipher+Plain,68608,2048,1,7,0.670629,0.028861,0.095165
Cipher*Plain,68608,2048,1,7,0.670629,0.108489,0.125869
Plain+Cipher,68608,2048,1,7,0.670629,0.028648,0.094816
Plain*Cipher,68608,2048,1,7,0.670629,0.108147,0.095162
Cipher+Cipher,68608,2048,1,42,0.633298,0.003424,0.095673
Cipher*Cipher,68608,2048,1,42,0.633298,0.980172,0.121064
Cipher+Plain,68608,2048,1,42,0.633298,0.028631,0.095277
Cipher*Plain,68608,2048,1,42,0.633298,0.108814,0.095099
Plain+Cipher,68608,2048,1,42,0.633298,0.028621,0.095069
Plain*Cipher,68608,2048,1,42,0.633298,0.108652,0.094939
Cipher+Cipher,68608,2048,1,12345,0.658905,0.003426,0.095439
Cipher*Cipher,68608,2048,1,12345,0.658905,0.978196,0.120765
Cipher+Plain,68608,2048,1,12345,0.658905,0.028753,0.095098
Cipher*Plain,68608,2048,1,12345,0.658905,0.111113,0.094789
Plain+Cipher,68608,2048,1,12345,0.658905,0.028497,0.094941
Plain*Cipher,68608,2048,1,12345,0.658905,0.108552,0.094893
Cipher+Cipher,68608,2048,1,65536,0.632404,0.0034,0.095829
Cipher*Cipher,68608,2048,1,65536,0.632404,1.00754,0.120656
Cipher+Plain,68608,2048,1,65536,0.632404,0.028774,0.095244
Cipher*Plain,68608,2048,1,65536,0.632404,0.108727,0.094772
Plain+Cipher,68608,2048,1,65536,0.632404,0.028454,0.095112
Plain*Cipher,68608,2048,1,65536,0.632404,0.108669,0.098736
Cipher+Cipher,68608,2048,7,1,0.629443,0.003321,0.095369
Cipher*Cipher,68608,2048,7,1,0.629443,0.978918,0.120826
Cipher+Plain,68608,2048,7,1,0.629443,0.028673,0.097687
Cipher*Plain,68608,2048,7,1,0.629443,0.108818,0.094682
Plain+Cipher,68608,2048,7,1,0.629443,0.028554,0.095026
Plain*Cipher,68608,2048,7,1,0.629443,0.108629,0.094953
Cipher+Cipher,68608,2048,7,7,0.629701,0.003317,0.095637
Cipher*Cipher,68608,2048,7,7,0.629701,1.00698,0.120704
Cipher+Plain,68608,2048,7,7,0.629701,0.028558,0.095469
Cipher*Plain,68608,2048,7,7,0.629701,0.108886,0.094799
Plain+Cipher,68608,2048,7,7,0.629701,0.028545,0.125161
Plain*Cipher,68608,2048,7,7,0.629701,0.108357,0.095024
Cipher+Cipher,68608,2048,7,42,0.655414,0.003394,0.098811
Cipher*Cipher,68608,2048,7,42,0.655414,0.976096,0.123637
Cipher+Plain,68608,2048,7,42,0.655414,0.028744,0.095343
Cipher*Plain,68608,2048,7,42,0.655414,0.108567,0.095212
Plain+Cipher,68608,2048,7,42,0.655414,0.028584,0.095002
Plain*Cipher,68608,2048,7,42,0.655414,0.108436,0.094975
Cipher+Cipher,68608,2048,7,12345,0.634919,0.003259,0.095256
Cipher*Cipher,68608,2048,7,12345,0.634919,0.978748,0.120967
Cipher+Plain,68608,2048,7,12345,0.634919,0.02867,0.094851
Cipher*Plain,68608,2048,7,12345,0.634919,0.108546,0.094898
Plain+Cipher,68608,2048,7,12345,0.634919,0.031084,0.095542
Plain*Cipher,68608,2048,7,12345,0.634919,0.108351,0.095008
Cipher+Cipher,68608,2048,7,65536,0.628184,0.006327,0.095625
Cipher*Cipher,68608,2048,7,65536,0.628184,0.97838,0.121001
Cipher+Plain,68608,2048,7,65536,0.628184,0.028688,0.095506
Cipher*Plain,68608,2048,7,65536,0.628184,0.108477,0.095152
Plain+Cipher,68608,2048,7,65536,0.628184,0.028541,0.094987
Plain*Cipher,68608,2048,7,65536,0.628184,0.108732,0.095095
Cipher+Cipher,68608,2048,42,1,0.631877,0.003267,0.095695
Cipher*Cipher,68608,2048,42,1,0.631877,1.06695,0.121326
Cipher+Plain,68608,2048,42,1,0.631877,0.028944,0.095135
Cipher*Plain,68608,2048,42,1,0.631877,0.11164,0.094988
Plain+Cipher,68608,2048,42,1,0.631877,0.028682,0.095182
Plain*Cipher,68608,2048,42,1,0.631877,0.108401,0.095056
Cipher+Cipher,68608,2048,42,7,0.633705,0.003449,0.095612
Cipher*Cipher,68608,2048,42,7,0.633705,0.979353,0.120753
Cipher+Plain,68608,2048,42,7,0.633705,0.028717,0.095288
Cipher*Plain,68608,2048,42,7,0.633705,0.10839,0.095037
Plain+Cipher,68608,2048,42,7,0.633705,0.028667,0.095197
Plain*Cipher,68608,2048,42,7,0.633705,0.108561,0.097484
Cipher+Cipher,68608,2048,42,42,0.629935,0.003404,0.09533
Cipher*Cipher,68608,2048,42,42,0.629935,0.977008,0.120907
Cipher+Plain,68608,2048,42,42,0.629935,0.028721,0.097658
Cipher*Plain,68608,2048,42,42,0.629935,0.108495,0.094888
Plain+Cipher,68608,2048,42,42,0.629935,0.028687,0.095045
Plain*Cipher,68608,2048,42,42,0.629935,0.108147,0.094691
Cipher+Cipher,68608,2048,42,12345,0.658874,0.003524,0.09543
Cipher*Cipher,68608,2048,42,12345,0.658874,0.98026,0.120681
Cipher+Plain,68608,2048,42,12345,0.658874,0.028725,0.09501
Cipher*Plain,68608,2048,42,12345,0.658874,0.108955,0.094918
Plain+Cipher,68608,2048,42,12345,0.658874,0.028493,0.095095
Plain*Cipher,68608,2048,42,12345,0.658874,0.138557,0.095116
Cipher+Cipher,68608,2048,42,65536,0.626957,0.003303,0.095313
Cipher*Cipher,68608,2048,42,65536,0.626957,0.979842,0.123395
Cipher+Plain,68608,2048,42,65536,0.626957,0.028741,0.094874
Cipher*Plain,68608,2048,42,65536,0.626957,0.108467,0.094798
Plain+Cipher,68608,2048,42,65536,0.626957,0.028659,0.095327
Plain*Cipher,68608,2048,42,65536,0.626957,0.135885,0.095328
Cipher+Cipher,68608,2048,12345,1,0.632697,0.003283,0.095623
Cipher*Cipher,68608,2048,12345,1,0.632697,0.977297,0.120752
Cipher+Plain,68608,2048,12345,1,0.632697,0.028686,0.095088
Cipher*Plain,68608,2048,12345,1,0.632697,0.108458,0.095193
Plain+Cipher,68608,2048,12345,1,0.632697,0.0285,0.097706
Plain*Cipher,68608,2048,12345,1,0.632697,0.108606,0.09475
Cipher+Cipher,68608,2048,12345,7,0.630239,0.003269,0.098743
Cipher*Cipher,68608,2048,12345,7,0.630239,0.978019,0.12081
Cipher+Plain,68608,2048,12345,7,0.630239,0.028612,0.09507
Cipher*Plain,68608,2048,12345,7,0.630239,0.10877,0.095018
Plain+Cipher,68608,2048,12345,7,0.630239,0.02849,0.094909
Plain*Cipher,68608,2048,12345,7,0.630239,0.108426,0.095093
Cipher+Cipher,68608,2048,12345,42,0.631829,0.00338,0.095196
Cipher*Cipher,68608,2048,12345,42,0.631829,0.979138,0.120968
Cipher+Plain,68608,2048,12345,42,0.631829,0.028655,0.095119
Cipher*Plain,68608,2048,12345,42,0.631829,0.108047,0.097928
Plain+Cipher,68608,2048,12345,42,0.631829,0.028512,0.095206
Plain*Cipher,68608,2048,12345,42,0.631829,0.108344,0.09487
Cipher+Cipher,68608,2048,12345,12345,0.632099,0.003294,0.095721
Cipher*Cipher,68608,2048,12345,12345,0.632099,0.978669,0.120897
Cipher+Plain,68608,2048,12345,12345,0.632099,0.028631,0.095111
Cipher*Plain,68608,2048,12345,12345,0.632099,0.108457,0.094927
Plain+Cipher,68608,2048,12345,12345,0.632099,0.028505,0.095243
Plain*Cipher,68608,2048,12345,12345,0.632099,0.108222,0.095103
Cipher+Cipher,68608,2048,12345,65536,0.871453,0.003644,0.098326
Cipher*Cipher,68608,2048,12345,65536,0.871453,1.6155,0.19327
Cipher+Plain,68608,2048,12345,65536,0.871453,0.055492,0.110352
Cipher*Plain,68608,2048,12345,65536,0.871453,0.11662,0.097517
Plain+Cipher,68608,2048,12345,65536,0.871453,0.029441,0.097228
Plain*Cipher,68608,2048,12345,65536,0.871453,0.111754,0.09748
Cipher+Cipher,68608,2048,65536,1,0.818779,0.005656,0.125208
Cipher*Cipher,68608,2048,65536,1,0.818779,1.38048,0.160064
Cipher+Plain,68608,2048,65536,1,0.818779,0.039186,0.193363
Cipher*Plain,68608,2048,65536,1,0.818779,0.131413,0.154255
Plain+Cipher,68608,2048,65536,1,0.818779,0.043085,0.15365
Plain*Cipher,68608,2048,65536,1,0.818779,0.116616,0.186854
Cipher+Cipher,68608,2048,65536,7,1.03866,0.003871,0.098369
Cipher*Cipher,68608,2048,65536,7,1.03866,1.00939,0.124306
Cipher+Plain,68608,2048,65536,7,1.03866,0.029593,0.097362
Cipher*Plain,68608,2048,65536,7,1.03866,0.140627,0.097576
Plain+Cipher,68608,2048,65536,7,1.03866,0.029345,0.097049
Plain*Cipher,68608,2048,65536,7,1.03866,0.118329,0.097516
Cipher+Cipher,68608,2048,65536,42,0.990891,0.007216,0.171673
Cipher*Cipher,68608,2048,65536,42,0.990891,1.74601,0.1802
Cipher+Plain,68608,2048,65536,42,0.990891,0.042922,0.153392
Cipher*Plain,68608,2048,65536,42,0.990891,0.116525,0.153039
Plain+Cipher,68608,2048,65536,42,0.990891,0.042753,0.153255
Plain*Cipher,68608,2048,65536,42,0.990891,0.146019,0.097333
Cipher+Cipher,68608,2048,65536,12345,0.646337,0.003542,0.118622
Cipher*Cipher,68608,2048,65536,12345,0.646337,1.0467,0.123787
Cipher+Plain,68608,2048,65536,12345,0.646337,0.0295,0.097263
Cipher*Plain,68608,2048,65536,12345,0.646337,0.1111,0.097036
Plain+Cipher,68608,2048,65536,12345,0.646337,0.029263,0.097102
Plain*Cipher,68608,2048,65536,12345,0.646337,0.11111,0.096943
Cipher+Cipher,68608,2048,65536,65536,0.678275,0.003476,0.098006
Cipher*Cipher,68608,2048,65536,65536,0.678275,1.09901,0.215546
Cipher+Plain,68608,2048,65536,65536,0.678275,0.030034,0.099415
Cipher*Plain,68608,2048,65536,65536,0.678275,0.120928,0.097766
Plain+Cipher,68608,2048,65536,65536,0.678275,0.029446,0.097403
Plain*Cipher,68608,2048,65536,65536,0.678275,0.111293,0.097124
Cipher+Cipher,68608,4096,1,1,2.41669,0.062431,0.398441
Cipher*Cipher,68608,4096,1,1,2.41669,3.92703,0.600052
Cipher+Plain,68608,4096,1,1,2.41669,0.078192,0.318676
Cipher*Plain,68608,4096,1,1,2.41669,0.472446,0.318823
Plain+Cipher,68608,4096,1,1,2.41669,0.140889,0.35005
Plain*Cipher,68608,4096,1,1,2.41669,0.523432,0.317954
Cipher+Cipher,68608,4096,1,7,2.16491,0.013341,0.319754
Cipher*Cipher,68608,4096,1,7,2.16491,3.35066,0.436773
Cipher+Plain,68608,4096,1,7,2.16491,0.075805,0.318228
Cipher*Plain,68608,4096,1,7,2.16491,0.471342,0.318054
Plain+Cipher,68608,4096,1,7,2.16491,0.075596,0.318459
Plain*Cipher,68608,4096,1,7,2.16491,0.476422,0.317649
Cipher+Cipher,68608,4096,1,42,2.12195,0.012998,0.322061
Cipher*Cipher,68608,4096,1,42,2.12195,3.33134,0.432366
Cipher+Plain,68608,4096,1,42,2.12195,0.075518,0.410769
Cipher*Plain,68608,4096,1,42,2.12195,0.469131,0.322269
Plain+Cipher,68608,4096,1,42,2.12195,0.075954,0.317832
Plain*Cipher,68608,4096,1,42,2.12195,0.476335,0.318442
Cipher+Cipher,68608,4096,1,12345,2.1222,0.013034,0.322393
Cipher*Cipher,68608,4096,1,12345,2.1222,3.33727,0.419993
Cipher+Plain,68608,4096,1,12345,2.1222,0.073809,0.313627
Cipher*Plain,68608,4096,1,12345,2.1222,0.457221,0.310701
Plain+Cipher,68608,4096,1,12345,2.1222,0.075824,0.310191
Plain*Cipher,68608,4096,1,12345,2.1222,0.46189,0.312895
Cipher+Cipher,68608,4096,1,65536,2.06519,0.01255,0.311728
Cipher*Cipher,68608,4096,1,65536,2.06519,3.25245,0.449604
Cipher+Plain,68608,4096,1,65536,2.06519,0.073833,0.3109
Cipher*Plain,68608,4096,1,65536,2.06519,0.459421,0.310362
Plain+Cipher,68608,4096,1,65536,2.06519,0.073697,0.310359
Plain*Cipher,68608,4096,1,65536,2.06519,0.464375,0.310787
Cipher+Cipher,68608,4096,7,1,2.06663,0.012656,0.313911
Cipher*Cipher,68608,4096,7,1,2.06663,3.25513,0.416468
Cipher+Plain,68608,4096,7,1,2.06663,0.073761,0.313101
Cipher*Plain,68608,4096,7,1,2.06663,0.456409,0.310288
Plain+Cipher,68608,4096,7,1,2.06663,0.077756,0.310876
Plain*Cipher,68608,4096,7,1,2.06663,0.462018,0.313191
Cipher+Cipher,68608,4096,7,7,2.07651,0.012727,0.310743
Cipher*Cipher,68608,4096,7,7,2.07651,3.28241,0.421284
Cipher+Plain,68608,4096,7,7,2.07651,0.073836,0.310454
Cipher*Plain,68608,4096,7,7,2.07651,0.459854,0.310968
Plain+Cipher,68608,4096,7,7,2.07651,0.089685,0.677808
Plain*Cipher,68608,4096,7,7,2.07651,0.497248,0.492926
Cipher+Cipher,68608,4096,7,42,2.39251,0.01407,0.407893
Cipher*Cipher,68608,4096,7,42,2.39251,3.44191,0.465271
Cipher+Plain,68608,4096,7,42,2.39251,0.075745,0.317892
Cipher*Plain,68608,4096,7,42,2.39251,0.467781,0.321936
Plain+Cipher,68608,4096,7,42,2.39251,0.075832,0.318173
Plain*Cipher,68608,4096,7,42,2.39251,0.477844,0.317683
Cipher+Cipher,68608,4096,7,12345,2.15362,0.013051,0.322575
Cipher*Cipher,68608,4096,7,12345,2.15362,3.41775,0.420577
Cipher+Plain,68608,4096,7,12345,2.15362,0.074242,0.313471
Cipher*Plain,68608,4096,7,12345,2.15362,0.457201,0.314131
Plain+Cipher,68608,4096,7,12345,2.15362,0.07407,0.310739
Plain*Cipher,68608,4096,7,12345,2.15362,0.462135,0.313412
Cipher+Cipher,68608,4096,7,65536,2.06968,0.012698,0.31093
Cipher*Cipher,68608,4096,7,65536,2.06968,3.25244,0.421242
Cipher+Plain,68608,4096,7,65536,2.06968,0.073836,0.310423
Cipher*Plain,68608,4096,7,65536,2.06968,0.459694,0.310764
Plain+Cipher,68608,4096,7,65536,2.06968,0.073746,0.310793
Plain*Cipher,68608,4096,7,65536,2.06968,0.465266,0.31024
Cipher+Cipher,68608,4096,42,1,2.06689,0.012581,0.313879
Cipher*Cipher,68608,4096,42,1,2.06689,3.28134,0.419115
Cipher+Plain,68608,4096,42,1,2.06689,0.073812,0.313069
Cipher*Plain,68608,4096,42,1,2.06689,0.45618,0.313642
Plain+Cipher,68608,4096,42,1,2.06689,0.073612,0.310363
Plain*Cipher,68608,4096,42,1,2.06689,0.461682,0.31363
Cipher+Cipher,68608,4096,42,7,2.06732,0.012537,0.311141
Cipher*Cipher,68608,4096,42,7,2.06732,3.28299,0.450831
Cipher+Plain,68608,4096,42,7,2.06732,0.075507,0.310411
Cipher*Plain,68608,4096,42,7,2.06732,0.45936,0.310583
Plain+Cipher,68608,4096,42,7,2.06732,0.073664,0.311163
Plain*Cipher,68608,4096,42,7,2.06732,0.464197,0.310359
Cipher+Cipher,68608,4096,42,42,2.06808,0.012469,0.341587
Cipher*Cipher,68608,4096,42,42,2.06808,3.36537,0.419269
Cipher+Plain,68608,4096,42,42,2.06808,0.073754,0.311163
Cipher*Plain,68608,4096,42,42,2.06808,0.484009,0.340993
Plain+Cipher,68608,4096,42,42,2.06808,0.073661,0.310551
Plain*Cipher,68608,4096,42,42,2.06808,0.464424,0.310585
Cipher+Cipher,68608,4096,42,12345,2.06471,0.012609,0.311018
Cipher*Cipher,68608,4096,42,12345,2.06471,3.25588,0.416232
Cipher+Plain,68608,4096,42,12345,2.06471,0.073688,0.340709
Cipher*Plain,68608,4096,42,12345,2.06471,0.456971,0.310763
Plain+Cipher,68608,4096,42,12345,2.06471,0.073611,0.313428
Plain*Cipher,68608,4096,42,12345,2.06471,0.461037,0.310756
Cipher+Cipher,68608,4096,42,65536,2.06255,0.01242,0.338715
Cipher*Cipher,68608,4096,42,65536,2.06255,3.28076,0.420605
Cipher+Plain,68608,4096,42,65536,2.06255,0.073828,0.310241
Cipher*Plain,68608,4096,42,65536,2.06255,0.458713,0.310659
Plain+Cipher,68608,4096,42,65536,2.06255,0.073686,0.310888
Plain*Cipher,68608,4096,42,65536,2.06255,0.464336,0.310601
Cipher+Cipher,68608,4096,12345,1,2.15717,0.01252,0.314328
Cipher*Cipher,68608,4096,12345,1,2.15717,3.25228,0.416583
Cipher+Plain,68608,4096,12345,1,2.15717,0.073776,0.313442
Cipher*Plain,68608,4096,12345,1,2.15717,0.45641,0.31044
Plain+Cipher,68608,4096,12345,1,2.15717,0.073647,0.340425
Plain*Cipher,68608,4096,12345,1,2.15717,0.461819,0.313765
Cipher+Cipher,68608,4096,12345,7,2.14666,0.012551,0.311751
Cipher*Cipher,68608,4096,12345,7,2.14666,3.28166,0.421351
Cipher+Plain,68608,4096,12345,7,2.14666,0.073781,0.310623
Cipher*Plain,68608,4096,12345,7,2.14666,0.459194,0.310054
Plain+Cipher,68608,4096,12345,7,2.14666,0.073685,0.331016
Plain*Cipher,68608,4096,12345,7,2.14666,0.479325,0.310992
Cipher+Cipher,68608,4096,12345,42,2.06711,0.012536,0.314224
Cipher*Cipher,68608,4096,12345,42,2.06711,3.2836,0.416359
Cipher+Plain,68608,4096,12345,42,2.06711,0.073806,0.313436
Cipher*Plain,68608,4096,12345,42,2.06711,0.456865,0.313239
Plain+Cipher,68608,4096,12345,42,2.06711,0.073588,0.310461
Plain*Cipher,68608,4096,12345,42,2.06711,0.461933,0.313445
Cipher+Cipher,68608,4096,12345,12345,2.1181,0.012847,0.311726
Cipher*Cipher,68608,4096,12345,12345,2.1181,3.25709,0.419519
Cipher+Plain,68608,4096,12345,12345,2.1181,0.078166,0.310468
Cipher*Plain,68608,4096,12345,12345,2.1181,0.460306,0.310525
Plain+Cipher,68608,4096,12345,12345,2.1181,0.073712,0.311125
Plain*Cipher,68608,4096,12345,12345,2.1181,0.464167,0.310495
Cipher+Cipher,68608,4096,12345,65536,2.06762,0.012585,0.31395
Cipher*Cipher,68608,4096,12345,65536,2.06762,3.25533,0.416872
Cipher+Plain,68608,4096,12345,65536,2.06762,0.076543,0.310395
Cipher*Plain,68608,4096,12345,65536,2.06762,0.45762,0.313248
Plain+Cipher,68608,4096,12345,65536,2.06762,0.073623,0.310509
Plain*Cipher,68608,4096,12345,65536,2.06762,0.462147,0.340766
Cipher+Cipher,68608,4096,65536,1,2.09208,0.012704,0.310965
Cipher*Cipher,68608,4096,65536,1,2.09208,3.25504,0.418929
Cipher+Plain,68608,4096,65536,1,2.09208,0.101251,0.310867
Cipher*Plain,68608,4096,65536,1,2.09208,0.460068,0.310382
Plain+Cipher,68608,4096,65536,1,2.09208,0.07796,0.314211
Plain*Cipher,68608,4096,65536,1,2.09208,0.462013,0.310547
Cipher+Cipher,68608,4096,65536,7,2.07634,0.015106,0.311751
Cipher*Cipher,68608,4096,65536,7,2.07634,3.25098,0.416951
Cipher+Plain,68608,4096,65536,7,2.07634,0.078141,0.310606
Cipher*Plain,68608,4096,65536,7,2.07634,0.456994,0.313652
Plain+Cipher,68608,4096,65536,7,2.07634,0.073554,0.310644
Plain*Cipher,68608,4096,65536,7,2.07634,0.464759,0.310886
Cipher+Cipher,68608,4096,65536,42,2.09171,0.01261,0.311154
Cipher*Cipher,68608,4096,65536,42,2.09171,3.37249,0.603191
Cipher+Plain,68608,4096,65536,42,2.09171,0.101332,0.346801
Cipher*Plain,68608,4096,65536,42,2.09171,0.466817,0.331295
Plain+Cipher,68608,4096,65536,42,2.09171,0.086521,0.308937
Plain*Cipher,68608,4096,65536,42,2.09171,0.488096,0.31344
Cipher+Cipher,68608,4096,65536,12345,2.0704,0.012764,0.311636
Cipher*Cipher,68608,4096,65536,12345,2.0704,3.74592,0.420241
Cipher+Plain,68608,4096,65536,12345,2.0704,0.07808,0.310948
Cipher*Plain,68608,4096,65536,12345,2.0704,0.456664,0.313178
Plain+Cipher,68608,4096,65536,12345,2.0704,0.074364,0.310504
Plain*Cipher,68608,4096,65536,12345,2.0704,0.489528,0.31369
Cipher+Cipher,68608,4096,65536,65536,2.0741,0.012853,0.311712
Cipher*Cipher,68608,4096,65536,65536,2.0741,3.44313,0.418455
Cipher+Plain,68608,4096,65536,65536,2.0741,0.074162,0.313859
Cipher*Plain,68608,4096,65536,65536,2.0741,0.456614,0.310701
Plain+Cipher,68608,4096,65536,65536,2.0741,0.078525,0.313193
Plain*Cipher,68608,4096,65536,65536,2.0741,0.462106,0.310872
Cipher+Cipher,68608,8192,1,1,7.06467,0.236268,1.47635
Cipher*Cipher,68608,8192,1,1,7.06467,24.4979,2.48451
Cipher+Plain,68608,8192,1,1,7.06467,0.302051,1.20899
Cipher*Plain,68608,8192,1,1,7.06467,2.55374,1.95334
Plain+Cipher,68608,8192,1,1,7.06467,0.747327,1.90945
Plain*Cipher,68608,8192,1,1,7.06467,3.35957,1.92401
Cipher+Cipher,68608,8192,1,7,10.7273,0.055018,1.15719
Cipher*Cipher,68608,8192,1,7,10.7273,13.288,1.84266
Cipher+Plain,68608,8192,1,7,10.7273,0.275532,1.87236
Cipher*Plain,68608,8192,1,7,10.7273,2.99263,1.90439
Plain+Cipher,68608,8192,1,7,10.7273,0.386943,1.90255
Plain*Cipher,68608,8192,1,7,10.7273,3.00667,1.9027
Cipher+Cipher,68608,8192,1,42,9.4764,0.064812,1.22112
Cipher*Cipher,68608,8192,1,42,9.4764,21.1781,2.62817
Cipher+Plain,68608,8192,1,42,9.4764,0.39584,1.95275
Cipher*Plain,68608,8192,1,42,9.4764,2.93738,1.74232
Plain+Cipher,68608,8192,1,42,9.4764,0.383466,1.1418
Plain*Cipher,68608,8192,1,42,9.4764,2.13698,1.17178
Cipher+Cipher,68608,8192,1,12345,5.91855,0.053195,1.30474
Cipher*Cipher,68608,8192,1,12345,5.91855,17.5147,2.67051
Cipher+Plain,68608,8192,1,12345,5.91855,0.370819,1.89752
Cipher*Plain,68608,8192,1,12345,5.91855,3.05547,1.94198
Plain+Cipher,68608,8192,1,12345,5.91855,0.386129,1.93871
Plain*Cipher,68608,8192,1,12345,5.91855,3.01315,1.93708
Cipher+Cipher,68608,8192,1,65536,9.48157,0.065173,1.23901
Cipher*Cipher,68608,8192,1,65536,9.48157,13.8483,1.68376
Cipher+Plain,68608,8192,1,65536,9.48157,0.280714,1.19552
Cipher*Plain,68608,8192,1,65536,9.48157,2.0852,1.31154
Plain+Cipher,68608,8192,1,65536,9.48157,0.278114,1.14291
Plain*Cipher,68608,8192,1,65536,9.48157,2.01527,1.19008
Cipher+Cipher,68608,8192,7,1,6.43749,0.058792,1.22125
Cipher*Cipher,68608,8192,7,1,6.43749,13.4208,1.6884
Cipher+Plain,68608,8192,7,1,6.43749,0.279737,1.17729
Cipher*Plain,68608,8192,7,1,6.43749,2.03996,1.13981
Plain+Cipher,68608,8192,7,1,6.43749,0.288748,1.14361
Plain*Cipher,68608,8192,7,1,6.43749,2.01791,1.14833
Cipher+Cipher,68608,8192,7,7,6.62034,0.066719,1.19861
Cipher*Cipher,68608,8192,7,7,6.62034,13.13,1.69972
Cipher+Plain,68608,8192,7,7,6.62034,0.283627,1.20631
Cipher*Plain,68608,8192,7,7,6.62034,2.03663,1.14363
Plain+Cipher,68608,8192,7,7,6.62034,0.281747,1.13765
Plain*Cipher,68608,8192,7,7,6.62034,2.00974,1.15074
Cipher+Cipher,68608,8192,7,42,6.18898,0.066872,1.18866
Cipher*Cipher,68608,8192,7,42,6.18898,13.08,2.00187
Cipher+Plain,68608,8192,7,42,6.18898,0.351404,1.22167
Cipher*Plain,68608,8192,7,42,6.18898,2.09847,1.21291
Plain+Cipher,68608,8192,7,42,6.18898,0.275859,1.17058
Plain*Cipher,68608,8192,7,42,6.18898,2.04695,1.15948
Cipher+Cipher,68608,8192,7,12345,6.21357,0.062899,1.18589
Cipher*Cipher,68608,8192,7,12345,6.21357,13.0958,1.69799
Cipher+Plain,68608,8192,7,12345,6.21357,0.282273,1.15686
Cipher*Plain,68608,8192,7,12345,6.21357,2.04323,1.14186
Plain+Cipher,68608,8192,7,12345,6.21357,0.284313,1.14178
Plain*Cipher,68608,8192,7,12345,6.21357,2.01409,1.13891
Cipher+Cipher,68608,8192,7,65536,6.20618,0.08555,1.28491
Cipher*Cipher,68608,8192,7,65536,6.20618,12.7392,1.73914
Cipher+Plain,68608,8192,7,65536,6.20618,0.309455,1.29411
Cipher*Plain,68608,8192,7,65536,6.20618,2.06618,1.11213
Plain+Cipher,68608,8192,7,65536,6.20618,0.278672,1.11416
Plain*Cipher,68608,8192,7,65536,6.20618,1.95701,1.18866
Cipher+Cipher,68608,8192,42,1,6.0366,0.055869,1.12583
Cipher*Cipher,68608,8192,42,1,6.0366,13.0833,1.63764
Cipher+Plain,68608,8192,42,1,6.0366,0.275821,1.15082
Cipher*Plain,68608,8192,42,1,6.0366,1.9748,1.12462
Plain+Cipher,68608,8192,42,1,6.0366,0.291355,1.11013
Plain*Cipher,68608,8192,42,1,6.0366,1.9676,1.10821
Cipher+Cipher,68608,8192,42,7,5.97356,0.056898,1.12427
Cipher*Cipher,68608,8192,42,7,5.97356,12.5671,1.61912
Cipher+Plain,68608,8192,42,7,5.97356,0.27416,1.15322
Cipher*Plain,68608,8192,42,7,5.97356,2.00047,1.10825
Plain+Cipher,68608,8192,42,7,5.97356,0.281533,1.10877
Plain*Cipher,68608,8192,42,7,5.97356,1.95865,1.1076
Cipher+Cipher,68608,8192,42,42,5.90762,0.058403,1.12054
Cipher*Cipher,68608,8192,42,42,5.90762,12.5686,1.6301
Cipher+Plain,68608,8192,42,42,5.90762,0.269431,1.11814
Cipher*Plain,68608,8192,42,42,5.90762,1.96223,1.10739
Plain+Cipher,68608,8192,42,42,5.90762,0.283424,1.10918
Plain*Cipher,68608,8192,42,42,5.90762,1.98497,1.10764
Cipher+Cipher,68608,8192,42,12345,5.93517,0.058724,1.12061
Cipher*Cipher,68608,8192,42,12345,5.93517,12.5606,1.61758
Cipher+Plain,68608,8192,42,12345,5.93517,0.271685,1.11799
Cipher*Plain,68608,8192,42,12345,5.93517,1.97231,1.10663
Plain+Cipher,68608,8192,42,12345,5.93517,0.281022,1.10658
Plain*Cipher,68608,8192,42,12345,5.93517,1.9587,1.10585
Cipher+Cipher,68608,8192,42,65536,5.89841,0.057125,1.1212
Cipher*Cipher,68608,8192,42,65536,5.89841,12.5869,1.62911
Cipher+Plain,68608,8192,42,65536,5.89841,0.270485,1.11844
Cipher*Plain,68608,8192,42,65536,5.89841,1.96532,1.10692
Plain+Cipher,68608,8192,42,65536,5.89841,0.311539,1.10877
Plain*Cipher,68608,8192,42,65536,5.89841,1.9596,1.10694
Cipher+Cipher,68608,8192,12345,1,5.94281,0.059391,1.12092
Cipher*Cipher,68608,8192,12345,1,5.94281,12.5914,1.622
Cipher+Plain,68608,8192,12345,1,5.94281,0.302128,1.11793
Cipher*Plain,68608,8192,12345,1,5.94281,1.99331,1.10973
Plain+Cipher,68608,8192,12345,1,5.94281,0.280683,1.11382
Plain*Cipher,68608,8192,12345,1,5.94281,1.95685,1.10794
Cipher+Cipher,68608,8192,12345,7,5.9747,0.058859,1.12267
Cipher*Cipher,68608,8192,12345,7,5.9747,12.6041,1.62504
Cipher+Plain,68608,8192,12345,7,5.9747,0.269011,1.14729
Cipher*Plain,68608,8192,12345,7,5.9747,1.97073,1.10914
Plain+Cipher,68608,8192,12345,7,5.9747,0.280074,1.10935
Plain*Cipher,68608,8192,12345,7,5.9747,1.95708,1.10673
Cipher+Cipher,68608,8192,12345,42,5.95587,0.059179,1.12003
Cipher*Cipher,68608,8192,12345,42,5.95587,12.569,1.6215
Cipher+Plain,68608,8192,12345,42,5.95587,0.268802,1.11655
Cipher*Plain,68608,8192,12345,42,5.95587,1.96398,1.35711
Plain+Cipher,68608,8192,12345,42,5.95587,0.296491,1.18546
Plain*Cipher,68608,8192,12345,42,5.95587,1.99906,1.13711
Cipher+Cipher,68608,8192,12345,12345,6.16396,0.057055,1.12889
Cipher*Cipher,68608,8192,12345,12345,6.16396,13.0855,1.64601
Cipher+Plain,68608,8192,12345,12345,6.16396,0.27583,1.12405
Cipher*Plain,68608,8192,12345,12345,6.16396,1.97155,1.26894
Plain+Cipher,68608,8192,12345,12345,6.16396,0.360407,1.20243
Plain*Cipher,68608,8192,12345,12345,6.16396,1.99357,1.11051
Cipher+Cipher,68608,8192,12345,65536,6.22446,0.059895,1.13196
Cipher*Cipher,68608,8192,12345,65536,6.22446,13.1036,1.63726
Cipher+Plain,68608,8192,12345,65536,6.22446,0.275625,1.14746
Cipher*Plain,68608,8192,12345,65536,6.22446,2.05164,1.1437
Plain+Cipher,68608,8192,12345,65536,6.22446,0.427125,1.16302
Plain*Cipher,68608,8192,12345,65536,6.22446,2.02741,1.11015
Cipher+Cipher,68608,8192,65536,1,6.24502,0.059389,1.13245
Cipher*Cipher,68608,8192,65536,1,6.24502,13.0837,1.66449
Cipher+Plain,68608,8192,65536,1,6.24502,0.276622,1.12094
Cipher*Plain,68608,8192,65536,1,6.24502,1.97577,1.1086
Plain+Cipher,68608,8192,65536,1,6.24502,0.27853,1.11231
Plain*Cipher,68608,8192,65536,1,6.24502,1.95413,1.13719
Cipher+Cipher,68608,8192,65536,7,5.92301,0.0555,1.14103
Cipher*Cipher,68608,8192,65536,7,5.92301,12.6215,1.63565
Cipher+Plain,68608,8192,65536,7,5.92301,0.271515,1.12083
Cipher*Plain,68608,8192,65536,7,5.92301,1.96925,1.10821
Plain+Cipher,68608,8192,65536,7,5.92301,0.280738,1.10859
Plain*Cipher,68608,8192,65536,7,5.92301,1.9628,1.10883
Cipher+Cipher,68608,8192,65536,42,5.94491,0.05897,1.1219
Cipher*Cipher,68608,8192,65536,42,5.94491,12.5893,1.75302
Cipher+Plain,68608,8192,65536,42,5.94491,0.422266,1.1863
Cipher*Plain,68608,8192,65536,42,5.94491,2.01919,1.14104
Plain+Cipher,68608,8192,65536,42,5.94491,0.279032,1.10973
Plain*Cipher,68608,8192,65536,42,5.94491,2.13638,1.1997
Cipher+Cipher,68608,8192,65536,12345,5.97041,0.069129,1.30546
Cipher*Cipher,68608,8192,65536,12345,5.97041,12.5845,1.65847
Cipher+Plain,68608,8192,65536,12345,5.97041,0.272238,1.12164
Cipher*Plain,68608,8192,65536,12345,5.97041,1.96403,1.10968
Plain+Cipher,68608,8192,65536,12345,5.97041,0.283305,1.10739
Plain*Cipher,68608,8192,65536,12345,5.97041,1.95758,1.11171
Cipher+Cipher,68608,8192,65536,65536,5.92025,0.059272,1.14902
Cipher*Cipher,68608,8192,65536,65536,5.92025,12.5687,1.62077
Cipher+Plain,68608,8192,65536,65536,5.92025,0.271132,1.11688
Cipher*Plain,68608,8192,65536,65536,5.92025,1.99033,1.47653
Plain+Cipher,68608,8192,65536,65536,5.92025,0.337158,1.158
Plain*Cipher,68608,8192,65536,65536,5.92025,1.97351,1.11237
Cipher+Cipher,138952,16384,1,1,23.0112,1.10516,5.43644
Cipher*Cipher,165960,16384,1,1,23.0112,63.8258,8.97386
Cipher+Plain,165960,16384,1,1,23.0112,1.04376,4.61471
Cipher*Plain,165960,16384,1,1,23.0112,8.56697,4.6815
Plain+Cipher,168008,16384,1,1,23.0112,1.7959,4.52783
Plain*Cipher,170056,16384,1,1,23.0112,9.39779,4.6413
Cipher+Cipher,171208,16384,1,7,20.5372,0.361143,4.67567
Cipher*Cipher,171208,16384,1,7,20.5372,55.9632,6.93999
Cipher+Plain,171208,16384,1,7,20.5372,1.02564,4.71599
Cipher*Plain,171208,16384,1,7,20.5372,8.81,4.6668
Plain+Cipher,171208,16384,1,7,20.5372,1.02193,4.56777
Plain*Cipher,171208,16384,1,7,20.5372,8.85513,4.86206
Cipher+Cipher,171208,16384,1,42,20.6902,0.36627,4.72083
Cipher*Cipher,171208,16384,1,42,20.6902,55.7598,6.91828
Cipher+Plain,171208,16384,1,42,20.6902,1.03622,4.56898
Cipher*Plain,171208,16384,1,42,20.6902,8.63733,4.6361
Plain+Cipher,171208,16384,1,42,20.6902,1.04984,4.53749
Plain*Cipher,171208,16384,1,42,20.6902,8.60822,4.62896
Cipher+Cipher,171208,16384,1,12345,20.1422,0.361313,4.74679
Cipher*Cipher,171208,16384,1,12345,20.1422,55.8547,6.8731
Cipher+Plain,171208,16384,1,12345,20.1422,1.03478,4.62941
Cipher*Plain,171208,16384,1,12345,20.1422,8.56057,4.64577
Plain+Cipher,171208,16384,1,12345,20.1422,1.04696,4.52729
Plain*Cipher,171208,16384,1,12345,20.1422,8.54381,4.6549
Cipher+Cipher,171208,16384,1,65536,20.2069,0.370359,4.71293
Cipher*Cipher,171208,16384,1,65536,20.2069,55.8644,6.88749
Cipher+Plain,171208,16384,1,65536,20.2069,1.04434,4.56142
Cipher*Plain,171208,16384,1,65536,20.2069,8.61977,4.63176
Plain+Cipher,171208,16384,1,65536,20.2069,1.02687,4.5212
Plain*Cipher,171208,16384,1,65536,20.2069,8.58351,4.62922
Cipher+Cipher,171208,16384,7,1,20.1899,0.403536,4.70146
Cipher*Cipher,171208,16384,7,1,20.1899,55.8487,6.97311
Cipher+Plain,171208,16384,7,1,20.1899,1.17206,4.67797
Cipher*Plain,171208,16384,7,1,20.1899,8.63827,4.67002
Plain+Cipher,171208,16384,7,1,20.1899,1.05162,4.60479
Plain*Cipher,171208,16384,7,1,20.1899,8.57517,4.63331
Cipher+Cipher,171208,16384,7,7,20.1559,0.364353,4.6798
Cipher*Cipher,171208,16384,7,7,20.1559,55.6878,6.92079
Cipher+Plain,171208,16384,7,7,20.1559,1.03247,4.55203
Cipher*Plain,171208,16384,7,7,20.1559,8.67077,4.63417
Plain+Cipher,171208,16384,7,7,20.1559,1.02419,4.56828
Plain*Cipher,171208,16384,7,7,20.1559,8.57925,4.62533
Cipher+Cipher,171208,16384,7,42,20.1469,0.360302,4.69114
Cipher*Cipher,171208,16384,7,42,20.1469,55.6397,6.93706
Cipher+Plain,171208,16384,7,42,20.1469,1.03383,4.55308
Cipher*Plain,171208,16384,7,42,20.1469,8.8482,4.67969
Plain+Cipher,171208,16384,7,42,20.1469,1.04787,4.53951
Plain*Cipher,171208,16384,7,42,20.1469,8.57892,4.62411
Cipher+Cipher,171208,16384,7,12345,20.2938,0.358864,4.71951
Cipher*Cipher,171208,16384,7,12345,20.2938,55.7583,6.9287
Cipher+Plain,171208,16384,7,12345,20.2938,1.05222,4.57507
Cipher*Plain,171208,16384,7,12345,20.2938,9.12409,4.63581
Plain+Cipher,171208,16384,7,12345,20.2938,1.06152,4.56902
Plain*Cipher,171208,16384,7,12345,20.2938,8.54961,4.68809
Cipher+Cipher,171208,16384,7,65536,20.1558,0.369078,4.68498
Cipher*Cipher,171208,16384,7,65536,20.1558,56.1651,7.00964
Cipher+Plain,171208,16384,7,65536,20.1558,1.04829,4.54594
Cipher*Plain,171208,16384,7,65536,20.1558,8.64058,4.64719
Plain+Cipher,171208,16384,7,65536,20.1558,1.06854,4.73788
Plain*Cipher,171208,16384,7,65536,20.1558,8.77053,4.62834
Cipher+Cipher,171208,16384,42,1,20.1674,0.36022,4.71927
Cipher*Cipher,171208,16384,42,1,20.1674,55.7219,6.87631
Cipher+Plain,171208,16384,42,1,20.1674,1.04407,4.53258
Cipher*Plain,171208,16384,42,1,20.1674,8.5286,4.63528
Plain+Cipher,171208,16384,42,1,20.1674,1.02866,4.54295
Plain*Cipher,171208,16384,42,1,20.1674,8.5465,4.65197
Cipher+Cipher,171208,16384,42,7,20.1403,0.361465,4.68729
Cipher*Cipher,171208,16384,42,7,20.1403,55.7638,6.90656
Cipher+Plain,171208,16384,42,7,20.1403,1.03388,4.55267
Cipher*Plain,171208,16384,42,7,20.1403,8.60882,4.68817
Plain+Cipher,171208,16384,42,7,20.1403,1.0323,4.57197
Plain*Cipher,171208,16384,42,7,20.1403,8.61405,4.63674
Cipher+Cipher,171208,16384,42,42,20.2728,0.362145,4.72747
Cipher*Cipher,171208,16384,42,42,20.2728,55.6561,6.92017
Cipher+Plain,171208,16384,42,42,20.2728,1.03383,4.56631
Cipher*Plain,171208,16384,42,42,20.2728,8.63372,4.66665
Plain+Cipher,171208,16384,42,42,20.2728,1.03886,4.5454
Plain*Cipher,171208,16384,42,42,20.2728,8.57211,4.63112
Cipher+Cipher,171208,16384,42,12345,20.112,0.359114,4.68429
Cipher*Cipher,171208,16384,42,12345,20.112,56.1523,6.88221
Cipher+Plain,171208,16384,42,12345,20.112,1.02189,4.56984
Cipher*Plain,171208,16384,42,12345,20.112,8.66098,4.6477
Plain+Cipher,171208,16384,42,12345,20.112,1.02572,4.57778
Plain*Cipher,171208,16384,42,12345,20.112,8.6262,4.64053
Cipher+Cipher,171208,16384,42,65536,20.1517,0.363201,4.68707
Cipher*Cipher,171208,16384,42,65536,20.1517,55.7178,6.91213
Cipher+Plain,171208,16384,42,65536,20.1517,1.04745,4.54076
Cipher*Plain,171208,16384,42,65536,20.1517,8.59605,4.63193
Plain+Cipher,171208,16384,42,65536,20.1517,1.04814,4.55419
Plain*Cipher,171208,16384,42,65536,20.1517,8.57348,4.62563
Cipher+Cipher,171208,16384,12345,1,20.1878,0.363012,4.72219
Cipher*Cipher,171208,16384,12345,1,20.1878,55.6853,6.88041
Cipher+Plain,171208,16384,12345,1,20.1878,1.03629,4.56608
Cipher*Plain,171208,16384,12345,1,20.1878,8.63049,4.63515
Plain+Cipher,171208,16384,12345,1,20.1878,1.05592,4.53227
Plain*Cipher,171208,16384,12345,1,20.1878,8.57356,4.65491
Cipher+Cipher,171208,16384,12345,7,20.3595,0.368134,4.67608
Cipher*Cipher,171208,16384,12345,7,20.3595,55.7538,6.90872
Cipher+Plain,171208,16384,12345,7,20.3595,1.05192,4.54497
Cipher*Plain,171208,16384,12345,7,20.3595,8.64088,5.60227
Plain+Cipher,171208,16384,12345,7,20.3595,1.08238,4.77936
Plain*Cipher,171208,16384,12345,7,20.3595,8.94709,4.76705
Cipher+Cipher,171208,16384,12345,42,20.2599,0.36989,4.67971
Cipher*Cipher,171208,16384,12345,42,20.2599,56.3111,6.94414
Cipher+Plain,171208,16384,12345,42,20.2599,1.2325,4.62826
Cipher*Plain,171208,16384,12345,42,20.2599,8.5474,4.68728
Plain+Cipher,171208,16384,12345,42,20.2599,1.03071,4.54247
Plain*Cipher,171208,16384,12345,42,20.2599,8.74081,4.67573
Cipher+Cipher,171208,16384,12345,12345,20.1699,0.365323,4.67841
Cipher*Cipher,171208,16384,12345,12345,20.1699,55.8171,6.88382
Cipher+Plain,171208,16384,12345,12345,20.1699,1.03276,4.60116
Cipher*Plain,171208,16384,12345,12345,20.1699,8.63966,4.6168
Plain+Cipher,171208,16384,12345,12345,20.1699,1.01317,4.54794
Plain*Cipher,171208,16384,12345,12345,20.1699,8.57419,4.66222
Cipher+Cipher,171208,16384,12345,65536,20.2275,0.365819,4.72196
Cipher*Cipher,171208,16384,12345,65536,20.2275,55.6875,6.99467
Cipher+Plain,171208,16384,12345,65536,20.2275,1.06058,4.55396
Cipher*Plain,171208,16384,12345,65536,20.2275,8.5856,4.62012
Plain+Cipher,171208,16384,12345,65536,20.2275,1.04063,4.52972
Plain*Cipher,171208,16384,12345,65536,20.2275,8.6664,4.71748
Cipher+Cipher,171208,16384,65536,1,20.3013,0.363646,4.74643
Cipher*Cipher,171208,16384,65536,1,20.3013,55.7914,6.92463
Cipher+Plain,171208,16384,65536,1,20.3013,1.03484,4.66836
Cipher*Plain,171208,16384,65536,1,20.3013,8.56899,4.66379
Plain+Cipher,171208,16384,65536,1,20.3013,1.0536,4.54774
Plain*Cipher,171208,16384,65536,1,20.3013,8.6035,4.68169
Cipher+Cipher,171208,16384,65536,7,20.2293,0.36311,4.70983
Cipher*Cipher,171208,16384,65536,7,20.2293,55.8607,6.87225
Cipher+Plain,171208,16384,65536,7,20.2293,1.03129,4.53742
Cipher*Plain,171208,16384,65536,7,20.2293,8.63087,4.69768
Plain+Cipher,171208,16384,65536,7,20.2293,1.04596,4.56177
Plain*Cipher,171208,16384,65536,7,20.2293,8.69491,4.73307
Cipher+Cipher,171208,16384,65536,42,20.2087,0.363526,4.72052
Cipher*Cipher,171208,16384,65536,42,20.2087,55.6525,6.90198
Cipher+Plain,171208,16384,65536,42,20.2087,1.04973,4.57952
Cipher*Plain,171208,16384,65536,42,20.2087,8.59707,4.65784
Plain+Cipher,171208,16384,65536,42,20.2087,1.05771,4.52991
Plain*Cipher,171208,16384,65536,42,20.2087,8.55035,4.71844
Cipher+Cipher,171208,16384,65536,12345,20.1293,0.366312,4.67997
Cipher*Cipher,171208,16384,65536,12345,20.1293,56.1323,6.91522
Cipher+Plain,171208,16384,65536,12345,20.1293,1.03918,4.77333
Cipher*Plain,171208,16384,65536,12345,20.1293,8.6495,4.68081
Plain+Cipher,171208,16384,65536,12345,20.1293,1.04921,4.56417
Plain*Cipher,171208,16384,65536,12345,20.1293,8.57906,4.68093
Cipher+Cipher,171208,16384,65536,65536,20.2953,0.375523,5.46249
Cipher*Cipher,171208,16384,65536,65536,20.2953,56.4625,6.9082
Cipher+Plain,171208,16384,65536,65536,20.2953,1.03738,4.57748
Cipher*Plain,171208,16384,65536,65536,20.2953,8.57028,4.62445
Plain+Cipher,171208,16384,65536,65536,20.2953,1.02583,4.54573
Plain*Cipher,171208,16384,65536,65536,20.2953,8.57568,4.6626
Cipher+Cipher,624612,32768,1,1,93.6725,6.10663,22.131
Cipher*Cipher,723428,32768,1,1,93.6725,279.774,36.5605
Cipher+Plain,723428,32768,1,1,93.6725,5.17572,19.6672
Cipher*Plain,723428,32768,1,1,93.6725,35.037,19.7586
Plain+Cipher,731108,32768,1,1,93.6725,8.02441,19.6439
Plain*Cipher,738788,32768,1,1,93.6725,37.7801,19.686
Cipher+Cipher,742884,32768,1,7,85.3025,3.32836,20.1156
Cipher*Cipher,742884,32768,1,7,85.3025,250.482,28.9111
Cipher+Plain,742884,32768,1,7,85.3025,5.1841,19.728
Cipher*Plain,742884,32768,1,7,85.3025,35.0937,19.7862
Plain+Cipher,742884,32768,1,7,85.3025,5.21391,19.8028
Plain*Cipher,742884,32768,1,7,85.3025,35.1355,19.7812
Cipher+Cipher,742884,32768,1,42,83.181,3.40413,19.8049
Cipher*Cipher,742884,32768,1,42,83.181,249.111,28.8754
Cipher+Plain,742884,32768,1,42,83.181,5.18962,19.7596
Cipher*Plain,742884,32768,1,42,83.181,34.9584,19.6383
Plain+Cipher,742884,32768,1,42,83.181,5.21455,19.6472
Plain*Cipher,742884,32768,1,42,83.181,35.1573,19.8238
Cipher+Cipher,742884,32768,1,12345,83.2698,3.35589,20.0739
Cipher*Cipher,742884,32768,1,12345,83.2698,252.074,29.1147
Cipher+Plain,742884,32768,1,12345,83.2698,5.2064,19.7164
Cipher*Plain,742884,32768,1,12345,83.2698,35.1768,19.6679
Plain+Cipher,742884,32768,1,12345,83.2698,5.20538,19.7551
Plain*Cipher,742884,32768,1,12345,83.2698,35.0568,19.8645
Cipher+Cipher,742884,32768,1,65536,83.2612,3.32505,19.6864
Cipher*Cipher,742884,32768,1,65536,83.2612,249.133,29.3977
Cipher+Plain,742884,32768,1,65536,83.2612,5.21687,19.8031
Cipher*Plain,742884,32768,1,65536,83.2612,34.9955,19.674
Plain+Cipher,742884,32768,1,65536,83.2612,5.18064,19.6246
Plain*Cipher,742884,32768,1,65536,83.2612,35.0649,19.857
Cipher+Cipher,742884,32768,7,1,83.329,3.35062,19.6767
Cipher*Cipher,742884,32768,7,1,83.329,250.405,28.8672
Cipher+Plain,742884,32768,7,1,83.329,5.21689,19.8045
Cipher*Plain,742884,32768,7,1,83.329,34.9219,19.9299
Plain+Cipher,742884,32768,7,1,83.329,5.18792,19.6392
Plain*Cipher,742884,32768,7,1,83.329,34.9005,19.6416
Cipher+Cipher,742884,32768,7,7,83.5004,3.31928,19.6048
Cipher*Cipher,742884,32768,7,7,83.5004,249.832,29.028
Cipher+Plain,742884,32768,7,7,83.5004,5.18027,19.7464
Cipher*Plain,742884,32768,7,7,83.5004,34.7982,20.0474
Plain+Cipher,742884,32768,7,7,83.5004,5.22574,19.6486
Plain*Cipher,742884,32768,7,7,83.5004,34.9571,19.5676
Cipher+Cipher,742884,32768,7,42,83.2775,3.49624,19.8888
Cipher*Cipher,742884,32768,7,42,83.2775,249.087,29.038
Cipher+Plain,742884,32768,7,42,83.2775,5.2323,19.6635
Cipher*Plain,742884,32768,7,42,83.2775,34.8098,19.6142
Plain+Cipher,742884,32768,7,42,83.2775,5.21098,19.5761
Plain*Cipher,742884,32768,7,42,83.2775,34.8842,19.5867
Cipher+Cipher,742884,32768,7,12345,83.1767,3.33091,19.6603
Cipher*Cipher,742884,32768,7,12345,83.1767,250.631,29.4085
Cipher+Plain,742884,32768,7,12345,83.1767,5.20828,19.8175
Cipher*Plain,742884,32768,7,12345,83.1767,35.0317,19.7408
Plain+Cipher,742884,32768,7,12345,83.1767,5.17913,19.6992
Plain*Cipher,742884,32768,7,12345,83.1767,35.095,19.6864
Cipher+Cipher,742884,32768,7,65536,83.5934,3.37576,19.7376
Cipher*Cipher,742884,32768,7,65536,83.5934,249.542,28.8351
Cipher+Plain,742884,32768,7,65536,83.5934,5.21158,19.6645
Cipher*Plain,742884,32768,7,65536,83.5934,34.9199,19.6481
Plain+Cipher,742884,32768,7,65536,83.5934,5.19595,19.581
Plain*Cipher,742884,32768,7,65536,83.5934,34.9084,19.6764
Cipher+Cipher,742884,32768,42,1,83.36,3.27183,19.9387
Cipher*Cipher,742884,32768,42,1,83.36,249.29,28.9245
Cipher+Plain,742884,32768,42,1,83.36,5.21665,19.6968
Cipher*Plain,742884,32768,42,1,83.36,34.8238,19.5644
Plain+Cipher,742884,32768,42,1,83.36,5.20059,19.6884
Plain*Cipher,742884,32768,42,1,83.36,35.0304,19.6186
Cipher+Cipher,742884,32768,42,7,83.31,3.32897,19.6755
Cipher*Cipher,742884,32768,42,7,83.31,248.994,28.8416
Cipher+Plain,742884,32768,42,7,83.31,5.2672,19.675
Cipher*Plain,742884,32768,42,7,83.31,34.9467,19.7076
Plain+Cipher,742884,32768,42,7,83.31,5.16869,19.6821
Plain*Cipher,742884,32768,42,7,83.31,35.1231,19.7323
Cipher+Cipher,742884,32768,42,42,83.6564,3.32909,19.8142
Cipher*Cipher,742884,32768,42,42,83.6564,249.72,29.0055
Cipher+Plain,742884,32768,42,42,83.6564,5.18472,19.7821
Cipher*Plain,742884,32768,42,42,83.6564,35.0902,19.5959
Plain+Cipher,742884,32768,42,42,83.6564,5.12923,19.6824
Plain*Cipher,742884,32768,42,42,83.6564,35.0658,19.7175
Cipher+Cipher,742884,32768,42,12345,83.2573,3.44778,19.7635
Cipher*Cipher,742884,32768,42,12345,83.2573,248.878,28.9533
Cipher+Plain,742884,32768,42,12345,83.2573,5.19559,19.7506
Cipher*Plain,742884,32768,42,12345,83.2573,34.8316,19.7992
Plain+Cipher,742884,32768,42,12345,83.2573,5.15562,19.7223
Plain*Cipher,742884,32768,42,12345,83.2573,35.2314,19.6895
Cipher+Cipher,742884,32768,42,65536,83.3081,3.35842,20.2311
Cipher*Cipher,742884,32768,42,65536,83.3081,249.533,28.866
Cipher+Plain,742884,32768,42,65536,83.3081,5.22044,19.8323
Cipher*Plain,742884,32768,42,65536,83.3081,34.9115,19.5683
Plain+Cipher,742884,32768,42,65536,83.3081,5.20754,19.5921
Plain*Cipher,742884,32768,42,65536,83.3081,35.0612,19.7454
Cipher+Cipher,742884,32768,12345,1,84.2368,3.44662,20.0562
Cipher*Cipher,742884,32768,12345,1,84.2368,248.771,30.3457
Cipher+Plain,742884,32768,12345,1,84.2368,5.21272,19.7337
Cipher*Plain,742884,32768,12345,1,84.2368,34.898,19.7534
Plain+Cipher,742884,32768,12345,1,84.2368,5.16386,19.6236
Plain*Cipher,742884,32768,12345,1,84.2368,35.4721,19.6477
Cipher+Cipher,742884,32768,12345,7,83.815,3.33155,19.6991
Cipher*Cipher,742884,32768,12345,7,83.815,249.143,28.8399
Cipher+Plain,742884,32768,12345,7,83.815,5.18578,19.6955
Cipher*Plain,742884,32768,12345,7,83.815,35.0069,19.8042
Plain+Cipher,742884,32768,12345,7,83.815,5.29648,19.9184
Plain*Cipher,742884,32768,12345,7,83.815,35.063,19.7404
Cipher+Cipher,742884,32768,12345,42,83.2838,3.32689,19.6755
Cipher*Cipher,742884,32768,12345,42,83.2838,248.869,28.9359
Cipher+Plain,742884,32768,12345,42,83.2838,5.18269,19.8511
Cipher*Plain,742884,32768,12345,42,83.2838,34.9163,19.8228
Plain+Cipher,742884,32768,12345,42,83.2838,5.22365,19.9554
Plain*Cipher,742884,32768,12345,42,83.2838,35.0963,19.7124
Cipher+Cipher,742884,32768,12345,12345,83.1655,3.37251,19.6759
Cipher*Cipher,742884,32768,12345,12345,83.1655,250.606,28.8479
Cipher+Plain,742884,32768,12345,12345,83.1655,5.26089,19.9675
Cipher*Plain,742884,32768,12345,12345,83.1655,34.9116,19.5583
Plain+Cipher,742884,32768,12345,12345,83.1655,5.24278,20.231
Plain*Cipher,742884,32768,12345,12345,83.1655,35.1694,19.634
Cipher+Cipher,742884,32768,12345,65536,83.3936,3.33347,19.7938
Cipher*Cipher,742884,32768,12345,65536,83.3936,252.232,29.0269
Cipher+Plain,742884,32768,12345,65536,83.3936,5.24324,19.6747
Cipher*Plain,742884,32768,12345,65536,83.3936,34.9045,19.5698
Plain+Cipher,742884,32768,12345,65536,83.3936,5.17283,19.6206
Plain*Cipher,742884,32768,12345,65536,83.3936,34.8947,19.5768
Cipher+Cipher,742884,32768,65536,1,83.1519,3.35096,19.9891
Cipher*Cipher,742884,32768,65536,1,83.1519,249.153,28.8833
Cipher+Plain,742884,32768,65536,1,83.1519,5.18824,19.723
Cipher*Plain,742884,32768,65536,1,83.1519,35.0736,19.6924
Plain+Cipher,742884,32768,65536,1,83.1519,5.2298,19.8549
Plain*Cipher,742884,32768,65536,1,83.1519,35.0868,19.7322
Cipher+Cipher,742884,32768,65536,7,83.9574,3.27493,19.6976
Cipher*Cipher,742884,32768,65536,7,83.9574,250.555,29.2289
Cipher+Plain,742884,32768,65536,7,83.9574,5.16949,19.6966
Cipher*Plain,742884,32768,65536,7,83.9574,35.1448,19.7786
Plain+Cipher,742884,32768,65536,7,83.9574,5.16121,20.1233
Plain*Cipher,742884,32768,65536,7,83.9574,36.4283,20.2943
Cipher+Cipher,742884,32768,65536,42,85.8466,3.52572,20.2017
Cipher*Cipher,742884,32768,65536,42,85.8466,249.341,28.9429
Cipher+Plain,742884,32768,65536,42,85.8466,5.18177,19.6743
Cipher*Plain,742884,32768,65536,42,85.8466,34.8527,19.6092
Plain+Cipher,742884,32768,65536,42,85.8466,5.17744,19.5994
Plain*Cipher,742884,32768,65536,42,85.8466,34.9452,19.6728
Cipher+Cipher,742884,32768,65536,12345,83.594,3.354,19.984
Cipher*Cipher,742884,32768,65536,12345,83.594,250.022,28.8461
Cipher+Plain,742884,32768,65536,12345,83.594,5.16064,19.6741
Cipher*Plain,742884,32768,65536,12345,83.594,34.9146,19.795
Plain+Cipher,742884,32768,65536,12345,83.594,5.23806,19.6794
Plain*Cipher,742884,32768,65536,12345,83.594,35.0857,19.7062
Cipher+Cipher,742884,32768,65536,65536,83.1947,3.33526,19.7745
Cipher*Cipher,742884,32768,65536,65536,83.1947,249.089,28.9011
Cipher+Plain,742884,32768,65536,65536,83.1947,5.21246,19.6638
Cipher*Plain,742884,32768,65536,65536,83.1947,34.7996,20.2702
Plain+Cipher,742884,32768,65536,65536,83.1947,5.36192,19.6564
Plain*Cipher,742884,32768,65536,65536,83.1947,35.0627,19.687
