poly_modulus_degree,scalar_a,scalar_b,operation_type,enc_time,op_time,dec_time,memory_usage
1024,1,1,PP_add,0,2.3126602172851562e-05,2.384185791015625e-07,0
1024,1,1,PP_mul,0,5.7220458984375e-06,1.1920928955078125e-06,0
1024,1,1,PC_add,0.0005199909210205078,5.0067901611328125e-05,0.00026702880859375,120
1024,1,1,PC_mul,0.0005199909210205078,0.0011069774627685547,0.00029850006103515625,72
1024,1,1,CP_add,0.00046825408935546875,1.71661376953125e-05,0.00017380714416503906,96
1024,1,1,CP_mul,0.00046825408935546875,0.00083160400390625,0.00024056434631347656,96
1024,1,1,CC_add,0,1.4781951904296875e-05,0.00017070770263671875,96
1024,1,1,CC_mul,0,0.000827789306640625,0.00023889541625976562,96
1024,1,7,PP_add,0,4.76837158203125e-06,7.152557373046875e-07,0
1024,1,7,PP_mul,0,1.6689300537109375e-06,2.384185791015625e-07,0
1024,1,7,PC_add,0.00038242340087890625,1.430511474609375e-05,0.00014853477478027344,120
1024,1,7,PC_mul,0.00038242340087890625,0.0007076263427734375,0.0002110004425048828,96
1024,1,7,CP_add,0.00038242340087890625,1.33514404296875e-05,0.00014829635620117188,96
1024,1,7,CP_mul,0.00038242340087890625,0.0007121562957763672,0.00020551681518554688,96
1024,1,7,CC_add,0,1.239776611328125e-05,0.0001480579376220703,96
1024,1,7,CC_mul,0,0.0007109642028808594,0.00020384788513183594,96
1024,1,42,PP_add,0,3.337860107421875e-06,2.384185791015625e-07,0
1024,1,42,PP_mul,0,1.1920928955078125e-06,0.0,0
1024,1,42,PC_add,0.0003311634063720703,1.2159347534179688e-05,0.00013065338134765625,120
1024,1,42,PC_mul,0.0003311634063720703,0.0006182193756103516,0.00019693374633789062,96
1024,1,42,CP_add,0.0003266334533691406,1.0967254638671875e-05,0.0001289844512939453,96
1024,1,42,CP_mul,0.0003266334533691406,0.0006222724914550781,0.00017952919006347656,96
1024,1,42,CC_add,0,1.0728836059570312e-05,0.00012803077697753906,160
1024,1,42,CC_mul,0,0.0006182193756103516,0.0001823902130126953,96
1024,1,123,PP_add,0,3.337860107421875e-06,2.384185791015625e-07,0
1024,1,123,PP_mul,0,7.152557373046875e-07,0.0,0
1024,1,123,PC_add,0.00028705596923828125,1.1920928955078125e-05,0.00013399124145507812,120
1024,1,123,PC_mul,0.00028705596923828125,0.0005543231964111328,0.00015926361083984375,96
1024,1,123,CP_add,0.00028777122497558594,9.298324584960938e-06,0.00011515617370605469,96
1024,1,123,CP_mul,0.00028777122497558594,0.0005490779876708984,0.00015974044799804688,96
1024,1,123,CC_add,0,9.775161743164062e-06,0.00011372566223144531,160
1024,1,123,CC_mul,0,0.0005505084991455078,0.00015854835510253906,96
1024,7,1,PP_add,0,3.0994415283203125e-06,2.384185791015625e-07,0
1024,7,1,PP_mul,0,7.152557373046875e-07,4.76837158203125e-07,0
1024,7,1,PC_add,0.0002543926239013672,1.0728836059570312e-05,0.0001163482666015625,120
1024,7,1,PC_mul,0.0002543926239013672,0.0005538463592529297,0.0001671314239501953,96
1024,7,1,CP_add,0.0002541542053222656,9.059906005859375e-06,0.00010323524475097656,96
1024,7,1,CP_mul,0.0002541542053222656,0.0004944801330566406,0.00014519691467285156,96
1024,7,1,CC_add,0,8.821487426757812e-06,0.00010228157043457031,160
1024,7,1,CC_mul,0,0.0004951953887939453,0.00014281272888183594,96
1024,7,7,PP_add,0,2.6226043701171875e-06,4.76837158203125e-07,0
1024,7,7,PP_mul,0,7.152557373046875e-07,4.76837158203125e-07,0
1024,7,7,PC_add,0.0002276897430419922,9.5367431640625e-06,0.00010442733764648438,120
1024,7,7,PC_mul,0.0002276897430419922,0.0004980564117431641,0.00014400482177734375,96
1024,7,7,CP_add,0.0002281665802001953,8.821487426757812e-06,0.00010371208190917969,96
1024,7,7,CP_mul,0.0002281665802001953,0.0004980564117431641,0.00014400482177734375,96
1024,7,7,CC_add,0,8.58306884765625e-06,0.00011157989501953125,160
1024,7,7,CC_mul,0,0.00047135353088378906,0.0001361370086669922,96
1024,7,42,PP_add,0,2.384185791015625e-06,2.384185791015625e-07,0
1024,7,42,PP_mul,0,7.152557373046875e-07,0.0,0
1024,7,42,PC_add,0.00021791458129882812,9.059906005859375e-06,9.870529174804688e-05,120
1024,7,42,PC_mul,0.00021791458129882812,0.00047135353088378906,0.00013685226440429688,96
1024,7,42,CP_add,0.00021505355834960938,8.344650268554688e-06,0.00010251998901367188,96
1024,7,42,CP_mul,0.00021505355834960938,0.00047016143798828125,0.0001373291015625,96
1024,7,42,CC_add,0,8.344650268554688e-06,0.00010061264038085938,160
1024,7,42,CC_mul,0,0.0004680156707763672,0.0001361370086669922,96
1024,7,123,PP_add,0,2.384185791015625e-06,2.384185791015625e-07,0
1024,7,123,PP_mul,0,7.152557373046875e-07,0.0,0
1024,7,123,PC_add,0.0002181529998779297,8.58306884765625e-06,9.846687316894531e-05,120
1024,7,123,PC_mul,0.0002181529998779297,0.0004754066467285156,0.0001373291015625,96
1024,7,123,CP_add,0.00021910667419433594,8.344650268554688e-06,9.822845458984375e-05,96
1024,7,123,CP_mul,0.00021910667419433594,0.0005016326904296875,0.00013709068298339844,96
1024,7,123,CC_add,0,8.106231689453125e-06,9.775161743164062e-05,160
1024,7,123,CC_mul,0,0.00048089027404785156,0.00014138221740722656,96
1024,42,1,PP_add,0,2.6226043701171875e-06,0.0,0
1024,42,1,PP_mul,0,7.152557373046875e-07,4.76837158203125e-07,0
1024,42,1,PC_add,0.0002181529998779297,9.298324584960938e-06,9.942054748535156e-05,120
1024,42,1,PC_mul,0.0002181529998779297,0.0004680156707763672,0.0001366138458251953,96
1024,42,1,CP_add,0.0002143383026123047,8.106231689453125e-06,0.00010204315185546875,96
1024,42,1,CP_mul,0.0002143383026123047,0.0004658699035644531,0.00013589859008789062,96
1024,42,1,CC_add,0,7.867813110351562e-06,0.00010132789611816406,160
1024,42,1,CC_mul,0,0.00046324729919433594,0.00013589859008789062,96
1024,42,7,PP_add,0,2.6226043701171875e-06,2.384185791015625e-07,0
1024,42,7,PP_mul,0,9.5367431640625e-07,2.384185791015625e-07,0
1024,42,7,PC_add,0.000217437744140625,8.821487426757812e-06,9.894371032714844e-05,120
1024,42,7,PC_mul,0.000217437744140625,0.0004703998565673828,0.0001361370086669922,96
1024,42,7,CP_add,0.000217437744140625,8.106231689453125e-06,9.751319885253906e-05,96
1024,42,7,CP_mul,0.000217437744140625,0.0004699230194091797,0.00013589859008789062,96
1024,42,7,CC_add,0,7.867813110351562e-06,9.751319885253906e-05,160
1024,42,7,CC_mul,0,0.0004627704620361328,0.00013875961303710938,96
1024,42,42,PP_add,0,2.384185791015625e-06,2.384185791015625e-07,0
1024,42,42,PP_mul,0,7.152557373046875e-07,0.0,0
1024,42,42,PC_add,0.000217437744140625,8.821487426757812e-06,9.822845458984375e-05,120
1024,42,42,PC_mul,0.000217437744140625,0.00046634674072265625,0.00013971328735351562,96
1024,42,42,CP_add,0.00021505355834960938,8.106231689453125e-06,9.751319885253906e-05,96
1024,42,42,CP_mul,0.00021505355834960938,0.0004665851593017578,0.0001366138458251953,96
1024,42,42,CC_add,0,7.62939453125e-06,9.894371032714844e-05,160
1024,42,42,CC_mul,0,0.0004677772521972656,0.00013589859008789062,96
1024,42,123,PP_add,0,2.1457672119140625e-06,0.0,0
1024,42,123,PP_mul,0,7.152557373046875e-07,0.0,0
1024,42,123,PC_add,0.00021600723266601562,8.821487426757812e-06,9.870529174804688e-05,120
1024,42,123,PC_mul,0.00021600723266601562,0.0004978179931640625,0.00013685226440429688,96
1024,42,123,CP_add,0.00021386146545410156,8.106231689453125e-06,9.775161743164062e-05,96
1024,42,123,CP_mul,0.00021386146545410156,0.0004706382751464844,0.00014066696166992188,96
1024,42,123,CC_add,0,8.344650268554688e-06,9.751319885253906e-05,160
1024,42,123,CC_mul,0,0.00046324729919433594,0.00014638900756835938,96
1024,123,1,PP_add,0,2.6226043701171875e-06,2.384185791015625e-07,0
1024,123,1,PP_mul,0,9.5367431640625e-07,2.384185791015625e-07,0
1024,123,1,PC_add,0.000217437744140625,8.821487426757812e-06,9.870529174804688e-05,120
1024,123,1,PC_mul,0.000217437744140625,0.0004973411560058594,0.00013637542724609375,96
1024,123,1,CP_add,0.00021409988403320312,8.106231689453125e-06,9.775161743164062e-05,96
1024,123,1,CP_mul,0.00021409988403320312,0.00046706199645996094,0.0001361370086669922,96
1024,123,1,CC_add,0,7.867813110351562e-06,9.703636169433594e-05,160
1024,123,1,CC_mul,0,0.0004673004150390625,0.0001354217529296875,96
1024,123,7,PP_add,0,2.6226043701171875e-06,2.384185791015625e-07,0
1024,123,7,PP_mul,0,7.152557373046875e-07,0.0,0
1024,123,7,PC_add,0.0002181529998779297,9.059906005859375e-06,9.894371032714844e-05,120
1024,123,7,PC_mul,0.0002181529998779297,0.0004668235778808594,0.00013971328735351562,96
1024,123,7,CP_add,0.0002143383026123047,7.867813110351562e-06,9.775161743164062e-05,96
1024,123,7,CP_mul,0.0002143383026123047,0.0004711151123046875,0.00013589859008789062,96
1024,123,7,CC_add,0,7.867813110351562e-06,9.703636169433594e-05,160
1024,123,7,CC_mul,0,0.0004913806915283203,0.00013518333435058594,96
1024,123,42,PP_add,0,2.6226043701171875e-06,2.384185791015625e-07,0
1024,123,42,PP_mul,0,7.152557373046875e-07,0.0,0
1024,123,42,PC_add,0.00022101402282714844,8.58306884765625e-06,9.870529174804688e-05,120
1024,123,42,PC_mul,0.00022101402282714844,0.00047087669372558594,0.0001366138458251953,96
1024,123,42,CP_add,0.00021529197692871094,7.867813110351562e-06,9.799003601074219e-05,96
1024,123,42,CP_mul,0.00021529197692871094,0.0004665851593017578,0.00013637542724609375,96
1024,123,42,CC_add,0,7.867813110351562e-06,9.72747802734375e-05,160
1024,123,42,CC_mul,0,0.00046706199645996094,0.00013518333435058594,96
1024,123,123,PP_add,0,2.384185791015625e-06,4.76837158203125e-07,0
1024,123,123,PP_mul,0,7.152557373046875e-07,0.0,0
1024,123,123,PC_add,0.00021576881408691406,8.821487426757812e-06,9.918212890625e-05,120
1024,123,123,PC_mul,0.00021576881408691406,0.0004792213439941406,0.0001399517059326172,96
1024,123,123,CP_add,0.00021409988403320312,8.106231689453125e-06,9.965896606445312e-05,96
1024,123,123,CP_mul,0.00021409988403320312,0.0004878044128417969,0.00015115737915039062,96
1024,123,123,CC_add,0,7.867813110351562e-06,9.72747802734375e-05,160
1024,123,123,CC_mul,0,0.0004630088806152344,0.0001354217529296875,96
2048,1,1,PP_add,0,2.86102294921875e-06,2.384185791015625e-07,0
2048,1,1,PP_mul,0,7.152557373046875e-07,0.0,0
2048,1,1,PC_add,0.00042247772216796875,2.5272369384765625e-05,0.00020551681518554688,120
2048,1,1,PC_mul,0.00042247772216796875,0.0011146068572998047,0.00026226043701171875,96
2048,1,1,CP_add,0.00043845176696777344,1.2159347534179688e-05,0.00019669532775878906,96
2048,1,1,CP_mul,0.00043845176696777344,0.0009708404541015625,0.0002269744873046875,96
2048,1,1,CC_add,0,1.049041748046875e-05,0.00019502639770507812,160
2048,1,1,CC_mul,0,0.0009665489196777344,0.00022459030151367188,96
2048,1,7,PP_add,0,2.384185791015625e-06,2.384185791015625e-07,0
2048,1,7,PP_mul,0,9.5367431640625e-07,0.0,0
2048,1,7,PC_add,0.0004086494445800781,1.1444091796875e-05,0.00022673606872558594,120
2048,1,7,PC_mul,0.0004086494445800781,0.0009710788726806641,0.00022792816162109375,96
2048,1,7,CP_add,0.0004012584686279297,1.0728836059570312e-05,0.0001952648162841797,96
2048,1,7,CP_mul,0.0004012584686279297,0.0009703636169433594,0.0002269744873046875,96
2048,1,7,CC_add,0,1.049041748046875e-05,0.000225067138671875,160
2048,1,7,CC_mul,0,0.000965118408203125,0.0002429485321044922,96
2048,1,42,PP_add,0,2.6226043701171875e-06,2.384185791015625e-07,0
2048,1,42,PP_mul,0,9.5367431640625e-07,0.0,0
2048,1,42,PC_add,0.00041985511779785156,1.1205673217773438e-05,0.0001952648162841797,120
2048,1,42,PC_mul,0.00041985511779785156,0.0009968280792236328,0.0002257823944091797,96
2048,1,42,CP_add,0.0004057884216308594,1.0251998901367188e-05,0.00019931793212890625,96
2048,1,42,CP_mul,0.0004057884216308594,0.0009696483612060547,0.00022745132446289062,96
2048,1,42,CC_add,0,1.0251998901367188e-05,0.0001938343048095703,160
2048,1,42,CC_mul,0,0.0009644031524658203,0.00022745132446289062,96
2048,1,123,PP_add,0,2.6226043701171875e-06,2.384185791015625e-07,0
2048,1,123,PP_mul,0,7.152557373046875e-07,0.0,0
2048,1,123,PC_add,0.0004029273986816406,1.1920928955078125e-05,0.0001983642578125,120
2048,1,123,PC_mul,0.0004029273986816406,0.0009708404541015625,0.0002315044403076172,96
2048,1,123,CP_add,0.00040030479431152344,1.0251998901367188e-05,0.00019550323486328125,96
2048,1,123,CP_mul,0.00040030479431152344,0.0009691715240478516,0.00022649765014648438,96
2048,1,123,CC_add,0,1.0251998901367188e-05,0.000194549560546875,160
2048,1,123,CC_mul,0,0.0009660720825195312,0.00022459030151367188,96
2048,7,1,PP_add,0,2.6226043701171875e-06,2.384185791015625e-07,0
2048,7,1,PP_mul,0,7.152557373046875e-07,2.384185791015625e-07,0
2048,7,1,PC_add,0.0004093647003173828,1.1444091796875e-05,0.0002009868621826172,120
2048,7,1,PC_mul,0.0004093647003173828,0.0009968280792236328,0.00022673606872558594,96
2048,7,1,CP_add,0.00040268898010253906,1.0728836059570312e-05,0.0001957416534423828,96
2048,7,1,CP_mul,0.00040268898010253906,0.0009980201721191406,0.00023102760314941406,96
2048,7,1,CC_add,0,1.0728836059570312e-05,0.0001957416534423828,160
2048,7,1,CC_mul,0,0.0009660720825195312,0.00022459030151367188,96
2048,7,7,PP_add,0,2.6226043701171875e-06,2.384185791015625e-07,0
2048,7,7,PP_mul,0,9.5367431640625e-07,2.384185791015625e-07,0
2048,7,7,PC_add,0.0004048347473144531,1.1444091796875e-05,0.00019598007202148438,120
2048,7,7,PC_mul,0.0004048347473144531,0.0009708404541015625,0.0002269744873046875,96
2048,7,7,CP_add,0.0004038810729980469,1.049041748046875e-05,0.0001983642578125,96
2048,7,7,CP_mul,0.0004038810729980469,0.0009694099426269531,0.00022912025451660156,96
2048,7,7,CC_add,0,1.0251998901367188e-05,0.00019359588623046875,160
2048,7,7,CC_mul,0,0.0009663105010986328,0.00023055076599121094,96
2048,7,42,PP_add,0,2.6226043701171875e-06,2.384185791015625e-07,0
2048,7,42,PP_mul,0,4.76837158203125e-07,0.0,0
2048,7,42,PC_add,0.0004012584686279297,1.1444091796875e-05,0.000194549560546875,120
2048,7,42,PC_mul,0.0004012584686279297,0.0009710788726806641,0.00023126602172851562,96
2048,7,42,CP_add,0.00040221214294433594,1.049041748046875e-05,0.00019598007202148438,96
2048,7,42,CP_mul,0.00040221214294433594,0.0009686946868896484,0.00022673606872558594,96
2048,7,42,CC_add,0,1.049041748046875e-05,0.00022172927856445312,160
2048,7,42,CC_mul,0,0.0009672641754150391,0.00022554397583007812,96
2048,7,123,PP_add,0,2.384185791015625e-06,2.384185791015625e-07,0
2048,7,123,PP_mul,0,4.76837158203125e-07,0.0,0
2048,7,123,PC_add,0.0004069805145263672,1.1205673217773438e-05,0.00019979476928710938,120
2048,7,123,PC_mul,0.0004069805145263672,0.0009698867797851562,0.00022912025451660156,96
2048,7,123,CP_add,0.00040268898010253906,1.0967254638671875e-05,0.00019860267639160156,96
2048,7,123,CP_mul,0.00040268898010253906,0.0009708404541015625,0.00022983551025390625,96
2048,7,123,CC_add,0,1.049041748046875e-05,0.0001938343048095703,160
2048,7,123,CC_mul,0,0.000965118408203125,0.00022554397583007812,96
2048,42,1,PP_add,0,2.6226043701171875e-06,2.384185791015625e-07,0
2048,42,1,PP_mul,0,7.152557373046875e-07,0.0,0
2048,42,1,PC_add,0.0004048347473144531,1.1444091796875e-05,0.0001952648162841797,120
2048,42,1,PC_mul,0.0004048347473144531,0.0009710788726806641,0.0002262592315673828,96
2048,42,1,CP_add,0.0004050731658935547,1.049041748046875e-05,0.00019884109497070312,96
2048,42,1,CP_mul,0.0004050731658935547,0.0009703636169433594,0.0002300739288330078,96
2048,42,1,CC_add,0,1.0013580322265625e-05,0.0001933574676513672,160
2048,42,1,CC_mul,0,0.0009660720825195312,0.00022745132446289062,96
2048,42,7,PP_add,0,2.384185791015625e-06,2.384185791015625e-07,0
2048,42,7,PP_mul,0,7.152557373046875e-07,0.0,0
2048,42,7,PC_add,0.00040459632873535156,1.1444091796875e-05,0.00022530555725097656,120
2048,42,7,PC_mul,0.00040459632873535156,0.0009992122650146484,0.00023031234741210938,96
2048,42,7,CP_add,0.00040221214294433594,1.049041748046875e-05,0.00019478797912597656,96
2048,42,7,CP_mul,0.00040221214294433594,0.0009708404541015625,0.00022792816162109375,96
2048,42,7,CC_add,0,1.0251998901367188e-05,0.000194549560546875,160
2048,42,7,CC_mul,0,0.0009660720825195312,0.0002262592315673828,96
2048,42,42,PP_add,0,2.6226043701171875e-06,2.384185791015625e-07,0
2048,42,42,PP_mul,0,4.76837158203125e-07,0.0,0
2048,42,42,PC_add,0.0004062652587890625,1.1682510375976562e-05,0.00019478797912597656,120
2048,42,42,PC_mul,0.0004062652587890625,0.0009710788726806641,0.0002353191375732422,96
2048,42,42,CP_add,0.0004012584686279297,1.1444091796875e-05,0.00019693374633789062,96
2048,42,42,CP_mul,0.0004012584686279297,0.0009708404541015625,0.00022864341735839844,96
2048,42,42,CC_add,0,1.049041748046875e-05,0.0001938343048095703,160
2048,42,42,CC_mul,0,0.0009648799896240234,0.00022482872009277344,96
2048,42,123,PP_add,0,2.6226043701171875e-06,2.384185791015625e-07,0
2048,42,123,PP_mul,0,9.5367431640625e-07,0.0,0
2048,42,123,PC_add,0.00040435791015625,1.1444091796875e-05,0.00019598007202148438,120
2048,42,123,PC_mul,0.00040435791015625,0.0009708404541015625,0.0002262592315673828,96
2048,42,123,CP_add,0.0004038810729980469,1.0251998901367188e-05,0.0002009868621826172,96
2048,42,123,CP_mul,0.0004038810729980469,0.0009703636169433594,0.00022530555725097656,96
2048,42,123,CC_add,0,9.775161743164062e-06,0.00022268295288085938,160
2048,42,123,CC_mul,0,0.0009670257568359375,0.0002288818359375,96
2048,123,1,PP_add,0,2.6226043701171875e-06,2.384185791015625e-07,0
2048,123,1,PP_mul,0,7.152557373046875e-07,2.384185791015625e-07,0
2048,123,1,PC_add,0.00040459632873535156,1.1444091796875e-05,0.0001964569091796875,120
2048,123,1,PC_mul,0.00040459632873535156,0.0009703636169433594,0.00023174285888671875,96
2048,123,1,CP_add,0.000400543212890625,1.049041748046875e-05,0.00019621849060058594,96
2048,123,1,CP_mul,0.000400543212890625,0.0009698867797851562,0.00022649765014648438,96
2048,123,1,CC_add,0,1.0251998901367188e-05,0.00019407272338867188,160
2048,123,1,CC_mul,0,0.0009660720825195312,0.00022411346435546875,96
2048,123,7,PP_add,0,2.6226043701171875e-06,2.384185791015625e-07,0
2048,123,7,PP_mul,0,4.76837158203125e-07,0.0,0
2048,123,7,PC_add,0.0004076957702636719,1.5020370483398438e-05,0.00019621849060058594,120
2048,123,7,PC_mul,0.0004076957702636719,0.0009715557098388672,0.00022840499877929688,96
2048,123,7,CP_add,0.00040221214294433594,1.0967254638671875e-05,0.00019478797912597656,96
2048,123,7,CP_mul,0.00040221214294433594,0.0009708404541015625,0.00022864341735839844,96
2048,123,7,CC_add,0,1.049041748046875e-05,0.00019359588623046875,160
2048,123,7,CC_mul,0,0.0009655952453613281,0.00022649765014648438,96
2048,123,42,PP_add,0,3.0994415283203125e-06,2.384185791015625e-07,0
2048,123,42,PP_mul,0,7.152557373046875e-07,0.0,0
2048,123,42,PC_add,0.0004222393035888672,1.52587890625e-05,0.0003418922424316406,120
2048,123,42,PC_mul,0.0004222393035888672,0.0010139942169189453,0.0002338886260986328,96
2048,123,42,CP_add,0.00041604042053222656,1.239776611328125e-05,0.000202178955078125,96
2048,123,42,CP_mul,0.00041604042053222656,0.0009953975677490234,0.00023674964904785156,96
2048,123,42,CC_add,0,1.1205673217773438e-05,0.0001990795135498047,160
2048,123,42,CC_mul,0,0.000989675521850586,0.00023055076599121094,96
2048,123,123,PP_add,0,3.337860107421875e-06,2.384185791015625e-07,0
2048,123,123,PP_mul,0,9.5367431640625e-07,2.384185791015625e-07,0
2048,123,123,PC_add,0.00041794776916503906,1.1682510375976562e-05,0.0002067089080810547,120
2048,123,123,PC_mul,0.00041794776916503906,0.000997304916381836,0.00023627281188964844,96
2048,123,123,CP_add,0.00041103363037109375,1.1205673217773438e-05,0.00020170211791992188,96
2048,123,123,CP_mul,0.00041103363037109375,0.0009951591491699219,0.00023174285888671875,96
2048,123,123,CC_add,0,1.4543533325195312e-05,0.00019884109497070312,160
2048,123,123,CC_mul,0,0.0009911060333251953,0.00023031234741210938,96
4096,1,1,PP_add,0,5.245208740234375e-06,2.384185791015625e-07,0
4096,1,1,PP_mul,0,1.430511474609375e-06,0.0,0
4096,1,1,PC_add,0.0013892650604248047,8.440017700195312e-05,0.0005538463592529297,120
4096,1,1,PC_mul,0.0013892650604248047,0.003831624984741211,0.0008237361907958984,96
4096,1,1,CP_add,0.0013110637664794922,2.9325485229492188e-05,0.0005145072937011719,96
4096,1,1,CP_mul,0.0013110637664794922,0.0032296180725097656,0.0006723403930664062,96
4096,1,1,CC_add,0,2.6941299438476562e-05,0.0005130767822265625,160
4096,1,1,CC_mul,0,0.0032193660736083984,0.0006499290466308594,96
4096,1,7,PP_add,0,4.291534423828125e-06,2.384185791015625e-07,0
4096,1,7,PP_mul,0,1.430511474609375e-06,2.384185791015625e-07,0
4096,1,7,PC_add,0.0012295246124267578,2.6464462280273438e-05,0.0005164146423339844,120
4096,1,7,PC_mul,0.0012295246124267578,0.003306865692138672,0.0006487369537353516,96
4096,1,7,CP_add,0.0012242794036865234,2.5987625122070312e-05,0.0005140304565429688,96
4096,1,7,CP_mul,0.0012242794036865234,0.003225564956665039,0.0006499290466308594,96
4096,1,7,CC_add,0,2.6226043701171875e-05,0.0005102157592773438,160
4096,1,7,CC_mul,0,0.0032241344451904297,0.0006434917449951172,96
4096,1,42,PP_add,0,2.86102294921875e-06,2.384185791015625e-07,0
4096,1,42,PP_mul,0,7.152557373046875e-07,2.384185791015625e-07,0
4096,1,42,PC_add,0.001232147216796875,2.6464462280273438e-05,0.0005180835723876953,120
4096,1,42,PC_mul,0.001232147216796875,0.0032219886779785156,0.0006504058837890625,96
4096,1,42,CP_add,0.0012531280517578125,2.6941299438476562e-05,0.0005106925964355469,96
4096,1,42,CP_mul,0.0012531280517578125,0.003222942352294922,0.0006515979766845703,96
4096,1,42,CC_add,0,2.5987625122070312e-05,0.0005087852478027344,160
4096,1,42,CC_mul,0,0.003303050994873047,0.0006501674652099609,96
4096,1,123,PP_add,0,3.0994415283203125e-06,2.384185791015625e-07,0
4096,1,123,PP_mul,0,9.5367431640625e-07,0.0,0
4096,1,123,PC_add,0.0012292861938476562,2.6464462280273438e-05,0.0005092620849609375,120
4096,1,123,PC_mul,0.0012292861938476562,0.0032198429107666016,0.0006453990936279297,96
4096,1,123,CP_add,0.0012254714965820312,2.5987625122070312e-05,0.0005099773406982422,96
4096,1,123,CP_mul,0.0012254714965820312,0.0032510757446289062,0.0006437301635742188,96
4096,1,123,CC_add,0,2.5510787963867188e-05,0.0005123615264892578,160
4096,1,123,CC_mul,0,0.003217935562133789,0.0006465911865234375,96
4096,7,1,PP_add,0,3.0994415283203125e-06,2.384185791015625e-07,0
4096,7,1,PP_mul,0,9.5367431640625e-07,0.0,0
4096,7,1,PC_add,0.0012290477752685547,2.6226043701171875e-05,0.0005147457122802734,120
4096,7,1,PC_mul,0.0012290477752685547,0.003221273422241211,0.0006489753723144531,96
4096,7,1,CP_add,0.0012249946594238281,2.574920654296875e-05,0.0005421638488769531,96
4096,7,1,CP_mul,0.0012249946594238281,0.003222942352294922,0.0006487369537353516,96
4096,7,1,CC_add,0,2.574920654296875e-05,0.0005080699920654297,160
4096,7,1,CC_mul,0,0.0032219886779785156,0.0006437301635742188,96
4096,7,7,PP_add,0,3.0994415283203125e-06,2.384185791015625e-07,0
4096,7,7,PP_mul,0,7.152557373046875e-07,0.0,0
4096,7,7,PC_add,0.001230478286743164,2.5987625122070312e-05,0.0005159378051757812,120
4096,7,7,PC_mul,0.001230478286743164,0.0032491683959960938,0.0006461143493652344,96
4096,7,7,CP_add,0.0012240409851074219,2.6464462280273438e-05,0.0005099773406982422,96
4096,7,7,CP_mul,0.0012240409851074219,0.0032498836517333984,0.0006527900695800781,96
4096,7,7,CC_add,0,2.5510787963867188e-05,0.0005083084106445312,160
4096,7,7,CC_mul,0,0.003218412399291992,0.0006468296051025391,96
4096,7,42,PP_add,0,3.337860107421875e-06,2.384185791015625e-07,0
4096,7,42,PP_mul,0,7.152557373046875e-07,0.0,0
4096,7,42,PC_add,0.001230478286743164,2.6226043701171875e-05,0.0005121231079101562,120
4096,7,42,PC_mul,0.001230478286743164,0.003223896026611328,0.0006456375122070312,96
4096,7,42,CP_add,0.001253366470336914,2.6226043701171875e-05,0.0005092620849609375,96
4096,7,42,CP_mul,0.001253366470336914,0.0032241344451904297,0.0006458759307861328,96
4096,7,42,CC_add,0,2.5987625122070312e-05,0.0005116462707519531,160
4096,7,42,CC_mul,0,0.0032472610473632812,0.0006487369537353516,96
4096,7,123,PP_add,0,3.0994415283203125e-06,2.384185791015625e-07,0
4096,7,123,PP_mul,0,9.5367431640625e-07,2.384185791015625e-07,0
4096,7,123,PC_add,0.0012269020080566406,2.5987625122070312e-05,0.0005142688751220703,120
4096,7,123,PC_mul,0.0012269020080566406,0.003233194351196289,0.0006494522094726562,96
4096,7,123,CP_add,0.0012238025665283203,2.6226043701171875e-05,0.0005159378051757812,96
4096,7,123,CP_mul,0.0012238025665283203,0.003276348114013672,0.0006504058837890625,96
4096,7,123,CC_add,0,2.574920654296875e-05,0.00051116943359375,160
4096,7,123,CC_mul,0,0.0032203197479248047,0.0006530284881591797,96
4096,42,1,PP_add,0,3.337860107421875e-06,2.384185791015625e-07,0
4096,42,1,PP_mul,0,9.5367431640625e-07,0.0,0
4096,42,1,PC_add,0.0012316703796386719,2.6464462280273438e-05,0.0005145072937011719,120
4096,42,1,PC_mul,0.0012316703796386719,0.0032465457916259766,0.0006504058837890625,96
4096,42,1,CP_add,0.001224517822265625,2.5987625122070312e-05,0.0005130767822265625,96
4096,42,1,CP_mul,0.001224517822265625,0.0032205581665039062,0.0006501674652099609,96
4096,42,1,CC_add,0,2.5510787963867188e-05,0.0005078315734863281,160
4096,42,1,CC_mul,0,0.0032196044921875,0.0006468296051025391,96
4096,42,7,PP_add,0,2.86102294921875e-06,2.384185791015625e-07,0
4096,42,7,PP_mul,0,9.5367431640625e-07,0.0,0
4096,42,7,PC_add,0.0012273788452148438,2.6226043701171875e-05,0.0005095005035400391,120
4096,42,7,PC_mul,0.0012273788452148438,0.00325775146484375,0.0006520748138427734,96
4096,42,7,CP_add,0.0012269020080566406,2.574920654296875e-05,0.0005154609680175781,96
4096,42,7,CP_mul,0.0012269020080566406,0.0032460689544677734,0.0008769035339355469,96
4096,42,7,CC_add,0,5.173683166503906e-05,0.0008895397186279297,160
4096,42,7,CC_mul,0,0.0036351680755615234,0.0006601810455322266,96
4096,42,42,PP_add,0,7.152557373046875e-06,2.384185791015625e-07,0
4096,42,42,PP_mul,0,1.6689300537109375e-06,4.76837158203125e-07,0
4096,42,42,PC_add,0.00125885009765625,3.170967102050781e-05,0.000514984130859375,120
4096,42,42,PC_mul,0.00125885009765625,0.003288745880126953,0.0006480216979980469,96
4096,42,42,CP_add,0.0012593269348144531,2.8371810913085938e-05,0.0005104541778564453,96
4096,42,42,CP_mul,0.0012593269348144531,0.0033223628997802734,0.0006482601165771484,96
4096,42,42,CC_add,0,2.8133392333984375e-05,0.0005125999450683594,160
4096,42,42,CC_mul,0,0.003249645233154297,0.0006639957427978516,96
4096,42,123,PP_add,0,4.291534423828125e-06,2.384185791015625e-07,0
4096,42,123,PP_mul,0,1.1920928955078125e-06,2.384185791015625e-07,0
4096,42,123,PC_add,0.001247406005859375,2.6941299438476562e-05,0.0005121231079101562,120
4096,42,123,PC_mul,0.001247406005859375,0.0032677650451660156,0.0006506443023681641,96
4096,42,123,CP_add,0.0012252330780029297,2.6702880859375e-05,0.0005130767822265625,96
4096,42,123,CP_mul,0.0012252330780029297,0.003256082534790039,0.0006475448608398438,96
4096,42,123,CC_add,0,2.574920654296875e-05,0.0005118846893310547,160
4096,42,123,CC_mul,0,0.0032196044921875,0.0006461143493652344,96
4096,123,1,PP_add,0,3.337860107421875e-06,2.384185791015625e-07,0
4096,123,1,PP_mul,0,9.5367431640625e-07,2.384185791015625e-07,0
4096,123,1,PC_add,0.001230478286743164,2.6941299438476562e-05,0.0005147457122802734,120
4096,123,1,PC_mul,0.001230478286743164,0.003286600112915039,0.0006506443023681641,96
4096,123,1,CP_add,0.0012841224670410156,2.6464462280273438e-05,0.0005109310150146484,96
4096,123,1,CP_mul,0.0012841224670410156,0.0032901763916015625,0.0006487369537353516,96
4096,123,1,CC_add,0,2.7418136596679688e-05,0.0005128383636474609,160
4096,123,1,CC_mul,0,0.003247976303100586,0.0006465911865234375,96
4096,123,7,PP_add,0,3.5762786865234375e-06,4.76837158203125e-07,0
4096,123,7,PP_mul,0,1.1920928955078125e-06,2.384185791015625e-07,0
4096,123,7,PC_add,0.0012388229370117188,2.6941299438476562e-05,0.0005154609680175781,120
4096,123,7,PC_mul,0.0012388229370117188,0.0033555030822753906,0.0006864070892333984,96
4096,123,7,CP_add,0.0012259483337402344,2.7894973754882812e-05,0.0005164146423339844,96
4096,123,7,CP_mul,0.0012259483337402344,0.0032279491424560547,0.0006551742553710938,96
4096,123,7,CC_add,0,2.7179718017578125e-05,0.0005140304565429688,160
4096,123,7,CC_mul,0,0.0032198429107666016,0.0006439685821533203,96
4096,123,42,PP_add,0,3.814697265625e-06,2.384185791015625e-07,0
4096,123,42,PP_mul,0,1.1920928955078125e-06,2.384185791015625e-07,0
4096,123,42,PC_add,0.0012335777282714844,2.6702880859375e-05,0.0005178451538085938,120
4096,123,42,PC_mul,0.0012335777282714844,0.0032236576080322266,0.0006606578826904297,96
4096,123,42,CP_add,0.0012531280517578125,2.6702880859375e-05,0.0005140304565429688,96
4096,123,42,CP_mul,0.0012531280517578125,0.003279447555541992,0.0006515979766845703,96
4096,123,42,CC_add,0,2.6226043701171875e-05,0.0006461143493652344,160
4096,123,42,CC_mul,0,0.003367185592651367,0.0006463527679443359,96
4096,123,123,PP_add,0,4.0531158447265625e-06,4.76837158203125e-07,0
4096,123,123,PP_mul,0,7.152557373046875e-07,0.0,0
4096,123,123,PC_add,0.001294851303100586,2.7179718017578125e-05,0.0005445480346679688,120
4096,123,123,PC_mul,0.001294851303100586,0.003306865692138672,0.0006525516510009766,96
4096,123,123,CP_add,0.0012536048889160156,2.6464462280273438e-05,0.0005166530609130859,96
4096,123,123,CP_mul,0.0012536048889160156,0.003251314163208008,0.0006756782531738281,96
4096,123,123,CC_add,0,2.574920654296875e-05,0.0005118846893310547,160
4096,123,123,CC_mul,0,0.0032219886779785156,0.0006437301635742188,96
8192,1,1,PP_add,0,9.775161743164062e-06,7.152557373046875e-07,0
8192,1,1,PP_mul,0,2.384185791015625e-06,0.0,0
8192,1,1,PC_add,0.004128694534301758,0.00029921531677246094,0.001556396484375,120
8192,1,1,PC_mul,0.004128694534301758,0.014468908309936523,0.0027327537536621094,96
8192,1,1,CP_add,0.003846406936645508,0.00015616416931152344,0.0015425682067871094,96
8192,1,1,CP_mul,0.003846406936645508,0.012500524520874023,0.002126932144165039,96
8192,1,1,CC_add,0,0.0001621246337890625,0.0015311241149902344,160
8192,1,1,CC_mul,0,0.012494325637817383,0.002116680145263672,96
8192,1,7,PP_add,0,8.821487426757812e-06,2.384185791015625e-07,0
8192,1,7,PP_mul,0,2.1457672119140625e-06,0.0,0
8192,1,7,PC_add,0.0035867691040039062,0.0001049041748046875,0.0016126632690429688,120
8192,1,7,PC_mul,0.0035867691040039062,0.01250767707824707,0.002117633819580078,96
8192,1,7,CP_add,0.0035288333892822266,0.00015997886657714844,0.0015981197357177734,96
8192,1,7,CP_mul,0.0035288333892822266,0.012486696243286133,0.002181529998779297,96
8192,1,7,CC_add,0,0.00016641616821289062,0.0015270709991455078,160
8192,1,7,CC_mul,0,0.012736797332763672,0.002207040786743164,96
8192,1,42,PP_add,0,8.821487426757812e-06,2.384185791015625e-07,0
8192,1,42,PP_mul,0,1.9073486328125e-06,2.384185791015625e-07,0
8192,1,42,PC_add,0.003663778305053711,0.00010442733764648438,0.0015575885772705078,120
8192,1,42,PC_mul,0.003663778305053711,0.012445688247680664,0.0027282238006591797,96
8192,1,42,CP_add,0.0036063194274902344,0.00013828277587890625,0.0015554428100585938,96
8192,1,42,CP_mul,0.0036063194274902344,0.012619972229003906,0.002125263214111328,96
8192,1,42,CC_add,0,0.00016164779663085938,0.001537322998046875,160
8192,1,42,CC_mul,0,0.013205528259277344,0.002198934555053711,96
8192,1,123,PP_add,0,7.867813110351562e-06,2.384185791015625e-07,0
8192,1,123,PP_mul,0,1.9073486328125e-06,2.384185791015625e-07,0
8192,1,123,PC_add,0.003685474395751953,0.00011157989501953125,0.0016071796417236328,120
8192,1,123,PC_mul,0.003685474395751953,0.012478113174438477,0.0021255016326904297,96
8192,1,123,CP_add,0.0036203861236572266,0.00015282630920410156,0.001550912857055664,96
8192,1,123,CP_mul,0.0036203861236572266,0.012530088424682617,0.0021209716796875,96
8192,1,123,CC_add,0,0.00016188621520996094,0.001535654067993164,160
8192,1,123,CC_mul,0,0.01253366470336914,0.002119779586791992,96
8192,7,1,PP_add,0,8.58306884765625e-06,4.76837158203125e-07,0
8192,7,1,PP_mul,0,1.6689300537109375e-06,2.384185791015625e-07,0
8192,7,1,PC_add,0.0035521984100341797,0.00010371208190917969,0.001554727554321289,120
8192,7,1,PC_mul,0.0035521984100341797,0.012549400329589844,0.0021522045135498047,96
8192,7,1,CP_add,0.0035772323608398438,0.0001480579376220703,0.0015442371368408203,96
8192,7,1,CP_mul,0.0035772323608398438,0.01247262954711914,0.002124786376953125,96
8192,7,1,CC_add,0,0.00016355514526367188,0.0015592575073242188,160
8192,7,1,CC_mul,0,0.012462854385375977,0.00211334228515625,96
8192,7,7,PP_add,0,8.821487426757812e-06,2.384185791015625e-07,0
8192,7,7,PP_mul,0,1.6689300537109375e-06,4.76837158203125e-07,0
8192,7,7,PC_add,0.003619670867919922,0.00010418891906738281,0.0015628337860107422,120
8192,7,7,PC_mul,0.003619670867919922,0.012474298477172852,0.0022127628326416016,96
8192,7,7,CP_add,0.0034987926483154297,0.00017714500427246094,0.0016942024230957031,96
8192,7,7,CP_mul,0.0034987926483154297,0.012462377548217773,0.0021255016326904297,96
8192,7,7,CC_add,0,0.00016069412231445312,0.0015361309051513672,160
8192,7,7,CC_mul,0,0.012525081634521484,0.002152681350708008,96
8192,7,42,PP_add,0,9.059906005859375e-06,4.76837158203125e-07,0
8192,7,42,PP_mul,0,2.384185791015625e-06,0.0,0
8192,7,42,PC_add,0.0035507678985595703,0.00010228157043457031,0.0015599727630615234,120
8192,7,42,PC_mul,0.0035507678985595703,0.012455224990844727,0.0021538734436035156,96
8192,7,42,CP_add,0.003498077392578125,0.00014853477478027344,0.001539468765258789,96
8192,7,42,CP_mul,0.003498077392578125,0.012487649917602539,0.002128124237060547,96
8192,7,42,CC_add,0,0.0001652240753173828,0.001531362533569336,160
8192,7,42,CC_mul,0,0.01257181167602539,0.002117156982421875,96
8192,7,123,PP_add,0,9.059906005859375e-06,7.152557373046875e-07,0
8192,7,123,PP_mul,0,1.9073486328125e-06,0.0,0
8192,7,123,PC_add,0.0035724639892578125,0.00010275840759277344,0.0016210079193115234,120
8192,7,123,PC_mul,0.0035724639892578125,0.012504816055297852,0.002185821533203125,96
8192,7,123,CP_add,0.0035011768341064453,0.00015091896057128906,0.00154876708984375,96
8192,7,123,CP_mul,0.0035011768341064453,0.012647628784179688,0.002131223678588867,96
8192,7,123,CC_add,0,0.00016736984252929688,0.001531839370727539,160
8192,7,123,CC_mul,0,0.012501239776611328,0.002116680145263672,96
8192,42,1,PP_add,0,9.298324584960938e-06,2.384185791015625e-07,0
8192,42,1,PP_mul,0,2.1457672119140625e-06,0.0,0
8192,42,1,PC_add,0.0035538673400878906,0.00010466575622558594,0.0015523433685302734,120
8192,42,1,PC_mul,0.0035538673400878906,0.012509822845458984,0.00212860107421875,96
8192,42,1,CP_add,0.003522634506225586,0.00014662742614746094,0.0015447139739990234,96
8192,42,1,CP_mul,0.003522634506225586,0.012546062469482422,0.002126455307006836,96
8192,42,1,CC_add,0,0.00016164779663085938,0.001531362533569336,160
8192,42,1,CC_mul,0,0.012520074844360352,0.0022161006927490234,96
8192,42,7,PP_add,0,9.059906005859375e-06,7.152557373046875e-07,0
8192,42,7,PP_mul,0,1.9073486328125e-06,2.384185791015625e-07,0
8192,42,7,PC_add,0.003591299057006836,0.00010204315185546875,0.0015957355499267578,120
8192,42,7,PC_mul,0.003591299057006836,0.012465476989746094,0.002126932144165039,96
8192,42,7,CP_add,0.0035669803619384766,0.00014662742614746094,0.0015439987182617188,96
8192,42,7,CP_mul,0.0035669803619384766,0.012510061264038086,0.0021567344665527344,96
8192,42,7,CC_add,0,0.0001628398895263672,0.0015323162078857422,160
8192,42,7,CC_mul,0,0.012486457824707031,0.0021300315856933594,96
8192,42,42,PP_add,0,8.58306884765625e-06,9.5367431640625e-07,0
8192,42,42,PP_mul,0,1.9073486328125e-06,2.384185791015625e-07,0
8192,42,42,PC_add,0.0036025047302246094,0.00010371208190917969,0.001558065414428711,120
8192,42,42,PC_mul,0.0036025047302246094,0.012485504150390625,0.002131938934326172,96
8192,42,42,CP_add,0.0034914016723632812,0.0001480579376220703,0.0015704631805419922,96
8192,42,42,CP_mul,0.0034914016723632812,0.012506961822509766,0.0021257400512695312,96
8192,42,42,CC_add,0,0.00016117095947265625,0.0015289783477783203,160
8192,42,42,CC_mul,0,0.012523889541625977,0.0021152496337890625,96
8192,42,123,PP_add,0,9.298324584960938e-06,4.76837158203125e-07,0
8192,42,123,PP_mul,0,2.384185791015625e-06,0.0,0
8192,42,123,PC_add,0.003552675247192383,0.00010347366333007812,0.0015552043914794922,120
8192,42,123,PC_mul,0.003552675247192383,0.01246333122253418,0.0021784305572509766,96
8192,42,123,CP_add,0.0035352706909179688,0.0001575946807861328,0.001642465591430664,96
8192,42,123,CP_mul,0.0035352706909179688,0.01287698745727539,0.0021889209747314453,96
8192,42,123,CC_add,0,0.0001647472381591797,0.0016520023345947266,160
8192,42,123,CC_mul,0,0.012550592422485352,0.0021576881408691406,96
8192,123,1,PP_add,0,9.059906005859375e-06,4.76837158203125e-07,0
8192,123,1,PP_mul,0,2.1457672119140625e-06,0.0,0
8192,123,1,PC_add,0.003553152084350586,0.00010347366333007812,0.0015838146209716797,120
8192,123,1,PC_mul,0.003553152084350586,0.012521505355834961,0.0021245479583740234,96
8192,123,1,CP_add,0.003496408462524414,0.0001475811004638672,0.0015556812286376953,96
8192,123,1,CP_mul,0.003496408462524414,0.012580156326293945,0.002134561538696289,96
8192,123,1,CC_add,0,0.00016689300537109375,0.0015337467193603516,160
8192,123,1,CC_mul,0,0.012621879577636719,0.0021474361419677734,96
8192,123,7,PP_add,0,9.059906005859375e-06,2.384185791015625e-07,0
8192,123,7,PP_mul,0,2.1457672119140625e-06,2.384185791015625e-07,0
8192,123,7,PC_add,0.0035576820373535156,0.00010657310485839844,0.0015566349029541016,120
8192,123,7,PC_mul,0.0035576820373535156,0.012469768524169922,0.002127408981323242,96
8192,123,7,CP_add,0.003610372543334961,0.0001499652862548828,0.0015668869018554688,96
8192,123,7,CP_mul,0.003610372543334961,0.012435674667358398,0.0021216869354248047,96
8192,123,7,CC_add,0,0.000164031982421875,0.0015597343444824219,160
8192,123,7,CC_mul,0,0.012537956237792969,0.002118825912475586,96
8192,123,42,PP_add,0,8.821487426757812e-06,4.76837158203125e-07,0
8192,123,42,PP_mul,0,1.430511474609375e-06,0.0,0
8192,123,42,PC_add,0.0035886764526367188,0.00010395050048828125,0.0015516281127929688,120
8192,123,42,PC_mul,0.0035886764526367188,0.012521982192993164,0.0022439956665039062,96
8192,123,42,CP_add,0.003496408462524414,0.00017499923706054688,0.0015993118286132812,96
8192,123,42,CP_mul,0.003496408462524414,0.01257944107055664,0.002135753631591797,96
8192,123,42,CC_add,0,0.0001590251922607422,0.0015304088592529297,160
8192,123,42,CC_mul,0,0.012527704238891602,0.0021142959594726562,96
8192,123,123,PP_add,0,9.059906005859375e-06,2.384185791015625e-07,0
8192,123,123,PP_mul,0,1.6689300537109375e-06,0.0,0
8192,123,123,PC_add,0.003549337387084961,0.00010776519775390625,0.0015528202056884766,120
8192,123,123,PC_mul,0.003549337387084961,0.012502908706665039,0.0021402835845947266,96
8192,123,123,CP_add,0.003493070602416992,0.00015020370483398438,0.001547098159790039,96
8192,123,123,CP_mul,0.003493070602416992,0.012459993362426758,0.0021295547485351562,96
8192,123,123,CC_add,0,0.00016069412231445312,0.001531362533569336,160
8192,123,123,CC_mul,0,0.012554645538330078,0.002138853073120117,96
16384,1,1,PP_add,0,1.0728836059570312e-05,1.1920928955078125e-06,0
16384,1,1,PP_mul,0,2.1457672119140625e-06,2.384185791015625e-07,0
16384,1,1,PC_add,0.014001846313476562,0.001201629638671875,0.006131649017333984,120
16384,1,1,PC_mul,0.014001846313476562,0.06224560737609863,0.010590076446533203,96
16384,1,1,CP_add,0.013228654861450195,0.0005910396575927734,0.0055239200592041016,96
16384,1,1,CP_mul,0.013228654861450195,0.05528426170349121,0.008105754852294922,96
16384,1,1,CC_add,0,0.000606536865234375,0.0053784847259521484,160
16384,1,1,CC_mul,0,0.055640459060668945,0.008083820343017578,96
16384,1,7,PP_add,0,1.0728836059570312e-05,7.152557373046875e-07,0
16384,1,7,PP_mul,0,1.9073486328125e-06,0.0,0
16384,1,7,PC_add,0.011966228485107422,0.0004456043243408203,0.005551576614379883,120
16384,1,7,PC_mul,0.011966228485107422,0.05520987510681152,0.008119821548461914,96
16384,1,7,CP_add,0.01187586784362793,0.0005812644958496094,0.005506753921508789,96
16384,1,7,CP_mul,0.01187586784362793,0.055214881896972656,0.008116006851196289,96
16384,1,7,CC_add,0,0.0006384849548339844,0.005399942398071289,160
16384,1,7,CC_mul,0,0.05679798126220703,0.008131980895996094,96
16384,1,42,PP_add,0,1.1682510375976562e-05,9.5367431640625e-07,0
16384,1,42,PP_mul,0,2.1457672119140625e-06,2.384185791015625e-07,0
16384,1,42,PC_add,0.011998414993286133,0.0004913806915283203,0.0059661865234375,120
16384,1,42,PC_mul,0.011998414993286133,0.05538463592529297,0.008595705032348633,96
16384,1,42,CP_add,0.011930704116821289,0.0005772113800048828,0.005563974380493164,96
16384,1,42,CP_mul,0.011930704116821289,0.060443878173828125,0.008103132247924805,96
16384,1,42,CC_add,0,0.0006144046783447266,0.005372285842895508,160
16384,1,42,CC_mul,0,0.05549287796020508,0.008374214172363281,96
16384,1,123,PP_add,0,1.1444091796875e-05,9.5367431640625e-07,0
16384,1,123,PP_mul,0,2.384185791015625e-06,0.0,0
16384,1,123,PC_add,0.011967182159423828,0.00043892860412597656,0.005532026290893555,120
16384,1,123,PC_mul,0.011967182159423828,0.05662870407104492,0.008074283599853516,96
16384,1,123,CP_add,0.011858940124511719,0.0005781650543212891,0.0055255889892578125,96
16384,1,123,CP_mul,0.011858940124511719,0.055586814880371094,0.008081197738647461,96
16384,1,123,CC_add,0,0.0006089210510253906,0.005378246307373047,160
16384,1,123,CC_mul,0,0.05554556846618652,0.008116006851196289,96
16384,7,1,PP_add,0,1.1205673217773438e-05,4.76837158203125e-07,0
16384,7,1,PP_mul,0,1.6689300537109375e-06,0.0,0
16384,7,1,PC_add,0.01198887825012207,0.00047278404235839844,0.005513668060302734,120
16384,7,1,PC_mul,0.01198887825012207,0.05508875846862793,0.008168458938598633,96
16384,7,1,CP_add,0.011886119842529297,0.0005805492401123047,0.005503177642822266,96
16384,7,1,CP_mul,0.011886119842529297,0.05989432334899902,0.008166790008544922,96
16384,7,1,CC_add,0,0.0006029605865478516,0.00537419319152832,160
16384,7,1,CC_mul,0,0.055234670639038086,0.008085250854492188,96
16384,7,7,PP_add,0,1.1205673217773438e-05,4.76837158203125e-07,0
16384,7,7,PP_mul,0,2.384185791015625e-06,0.0,0
16384,7,7,PC_add,0.011955976486206055,0.0004448890686035156,0.005524635314941406,120
16384,7,7,PC_mul,0.011955976486206055,0.05508017539978027,0.008083343505859375,96
16384,7,7,CP_add,0.011868715286254883,0.0005612373352050781,0.005496025085449219,96
16384,7,7,CP_mul,0.011868715286254883,0.05539870262145996,0.008069038391113281,96
16384,7,7,CC_add,0,0.0006046295166015625,0.005364418029785156,160
16384,7,7,CC_mul,0,0.05548882484436035,0.008108854293823242,96
16384,7,42,PP_add,0,1.0967254638671875e-05,4.76837158203125e-07,0
16384,7,42,PP_mul,0,1.9073486328125e-06,0.0,0
16384,7,42,PC_add,0.011937141418457031,0.0004429817199707031,0.0055196285247802734,120
16384,7,42,PC_mul,0.011937141418457031,0.055289268493652344,0.008118629455566406,96
16384,7,42,CP_add,0.01189565658569336,0.0005745887756347656,0.005541086196899414,96
16384,7,42,CP_mul,0.01189565658569336,0.05536842346191406,0.00806736946105957,96
16384,7,42,CC_add,0,0.0006356239318847656,0.005429267883300781,160
16384,7,42,CC_mul,0,0.05642533302307129,0.008081674575805664,96
16384,7,123,PP_add,0,1.0728836059570312e-05,7.152557373046875e-07,0
16384,7,123,PP_mul,0,2.1457672119140625e-06,2.384185791015625e-07,0
16384,7,123,PC_add,0.012027263641357422,0.00048232078552246094,0.005506753921508789,120
16384,7,123,PC_mul,0.012027263641357422,0.05525565147399902,0.008308887481689453,96
16384,7,123,CP_add,0.012001514434814453,0.0005774497985839844,0.005541324615478516,96
16384,7,123,CP_mul,0.012001514434814453,0.055313825607299805,0.008076190948486328,96
16384,7,123,CC_add,0,0.0006093978881835938,0.005446195602416992,160
16384,7,123,CC_mul,0,0.05523276329040527,0.008071422576904297,96
16384,42,1,PP_add,0,1.049041748046875e-05,4.76837158203125e-07,0
16384,42,1,PP_mul,0,1.6689300537109375e-06,2.384185791015625e-07,0
16384,42,1,PC_add,0.01215505599975586,0.00044536590576171875,0.005564689636230469,120
16384,42,1,PC_mul,0.01215505599975586,0.05527019500732422,0.00806736946105957,96
16384,42,1,CP_add,0.01199483871459961,0.0005810260772705078,0.005545616149902344,96
16384,42,1,CP_mul,0.01199483871459961,0.05525660514831543,0.008049488067626953,96
16384,42,1,CC_add,0,0.0006022453308105469,0.005446195602416992,160
16384,42,1,CC_mul,0,0.05764484405517578,0.0082244873046875,96
16384,42,7,PP_add,0,1.1205673217773438e-05,9.5367431640625e-07,0
16384,42,7,PP_mul,0,1.9073486328125e-06,0.0,0
16384,42,7,PC_add,0.012016057968139648,0.00044274330139160156,0.005525112152099609,120
16384,42,7,PC_mul,0.012016057968139648,0.05521130561828613,0.008069515228271484,96
16384,42,7,CP_add,0.01197195053100586,0.0005786418914794922,0.0056858062744140625,96
16384,42,7,CP_mul,0.01197195053100586,0.055342912673950195,0.00804448127746582,96
16384,42,7,CC_add,0,0.0006062984466552734,0.0054035186767578125,160
16384,42,7,CC_mul,0,0.0556340217590332,0.00805807113647461,96
16384,42,42,PP_add,0,1.1444091796875e-05,7.152557373046875e-07,0
16384,42,42,PP_mul,0,2.1457672119140625e-06,2.384185791015625e-07,0
16384,42,42,PC_add,0.012043476104736328,0.0004508495330810547,0.005509614944458008,120
16384,42,42,PC_mul,0.012043476104736328,0.0551145076751709,0.008089780807495117,96
16384,42,42,CP_add,0.012352466583251953,0.0005800724029541016,0.005555391311645508,96
16384,42,42,CP_mul,0.012352466583251953,0.05562162399291992,0.008052587509155273,96
16384,42,42,CC_add,0,0.0006053447723388672,0.005416154861450195,160
16384,42,42,CC_mul,0,0.05546236038208008,0.008135318756103516,96
16384,42,123,PP_add,0,1.1682510375976562e-05,7.152557373046875e-07,0
16384,42,123,PP_mul,0,1.9073486328125e-06,2.384185791015625e-07,0
16384,42,123,PC_add,0.011970281600952148,0.00043582916259765625,0.0055539608001708984,120
16384,42,123,PC_mul,0.011970281600952148,0.05528545379638672,0.008051872253417969,96
16384,42,123,CP_add,0.012752056121826172,0.0005693435668945312,0.005505084991455078,96
16384,42,123,CP_mul,0.012752056121826172,0.05549311637878418,0.008121967315673828,96
16384,42,123,CC_add,0,0.0006031990051269531,0.005413055419921875,160
16384,42,123,CC_mul,0,0.05526280403137207,0.008046627044677734,96
16384,123,1,PP_add,0,1.049041748046875e-05,9.5367431640625e-07,0
16384,123,1,PP_mul,0,1.6689300537109375e-06,2.384185791015625e-07,0
16384,123,1,PC_add,0.011986017227172852,0.0004372596740722656,0.005555152893066406,120
16384,123,1,PC_mul,0.011986017227172852,0.05517768859863281,0.008049726486206055,96
16384,123,1,CP_add,0.011846542358398438,0.0005741119384765625,0.005507469177246094,96
16384,123,1,CP_mul,0.011846542358398438,0.05583977699279785,0.008154630661010742,96
16384,123,1,CC_add,0,0.0006086826324462891,0.005403995513916016,160
16384,123,1,CC_mul,0,0.05514264106750488,0.008077383041381836,96
16384,123,7,PP_add,0,1.1205673217773438e-05,7.152557373046875e-07,0
16384,123,7,PP_mul,0,2.384185791015625e-06,2.384185791015625e-07,0
16384,123,7,PC_add,0.012027502059936523,0.00044417381286621094,0.0055484771728515625,120
16384,123,7,PC_mul,0.012027502059936523,0.056012630462646484,0.008161306381225586,96
16384,123,7,CP_add,0.011910200119018555,0.0005815029144287109,0.005499601364135742,96
16384,123,7,CP_mul,0.011910200119018555,0.056136131286621094,0.008149862289428711,96
16384,123,7,CC_add,0,0.0006031990051269531,0.00539851188659668,160
16384,123,7,CC_mul,0,0.05515718460083008,0.008095026016235352,96
16384,123,42,PP_add,0,2.3365020751953125e-05,7.152557373046875e-07,0
16384,123,42,PP_mul,0,1.9073486328125e-06,0.0,0
16384,123,42,PC_add,0.011987447738647461,0.00044465065002441406,0.0055446624755859375,120
16384,123,42,PC_mul,0.011987447738647461,0.05568218231201172,0.008090972900390625,96
16384,123,42,CP_add,0.011843442916870117,0.0005815029144287109,0.005527496337890625,96
16384,123,42,CP_mul,0.011843442916870117,0.05536770820617676,0.00804901123046875,96
16384,123,42,CC_add,0,0.0006206035614013672,0.005376100540161133,160
16384,123,42,CC_mul,0,0.0551304817199707,0.008078813552856445,96
16384,123,123,PP_add,0,1.33514404296875e-05,7.152557373046875e-07,0
16384,123,123,PP_mul,0,1.9073486328125e-06,2.384185791015625e-07,0
16384,123,123,PC_add,0.011996030807495117,0.0004436969757080078,0.005553007125854492,120
16384,123,123,PC_mul,0.011996030807495117,0.05624890327453613,0.008487224578857422,96
16384,123,123,CP_add,0.011895418167114258,0.0005726814270019531,0.005568504333496094,96
16384,123,123,CP_mul,0.011895418167114258,0.055191993713378906,0.008042335510253906,96
16384,123,123,CC_add,0,0.0006043910980224609,0.005434274673461914,160
16384,123,123,CC_mul,0,0.055332183837890625,0.008135318756103516,96
